    Blocking waiting for file lock on build directory
   Compiling zerocopy v0.8.48
   Compiling serde_core v1.0.228
   Compiling serde v1.0.228
   Compiling zerocopy-derive v0.8.48
    Checking getrandom v0.2.17
    Checking tokio v1.52.3
   Compiling generic-array v0.14.7
    Checking typenum v1.20.0
    Checking rand_core v0.6.4
   Compiling autocfg v1.5.0
    Checking subtle v2.6.1
    Checking cpufeatures v0.2.17
    Checking memmap2 v0.9.10
   Compiling getrandom v0.4.2
    Checking opaque-debug v0.3.1
   Compiling rustix v1.1.4
    Checking bitflags v2.11.1
    Checking linux-raw-sys v0.12.1
   Compiling num-traits v0.2.19
    Checking fastrand v2.4.1
    Checking allocator-api2 v0.2.21
    Checking foldhash v0.1.5
   Compiling crc32fast v1.5.0
    Checking equivalent v1.0.2
    Checking hashbrown v0.15.5
   Compiling crossbeam-utils v0.8.21
    Checking crypto-common v0.1.7
    Checking inout v0.1.4
    Checking block-buffer v0.10.4
    Checking cipher v0.4.4
    Checking digest v0.10.7
    Checking universal-hash v0.5.1
    Checking ctr v0.9.2
    Checking polyval v0.6.2
    Checking hmac v0.12.1
    Checking aes v0.8.4
    Checking aead v0.5.2
    Checking hkdf v0.12.4
    Checking ghash v0.5.1
    Checking sha2 v0.10.9
    Checking lru v0.12.5
    Checking bytemuck v1.25.0
    Checking byteorder v1.5.0
    Checking futures-core v0.3.32
    Checking roaring v0.10.12
   Compiling rayon-core v1.13.0
    Checking aes-gcm v0.10.3
    Checking tempfile v3.27.0
    Checking futures-sink v0.3.32
    Checking either v1.15.0
    Checking crossbeam-epoch v0.9.18
    Checking futures-task v0.3.32
    Checking clap_lex v1.1.0
    Checking regex-syntax v0.8.10
    Checking serde_json v1.0.149
    Checking crossbeam-deque v0.8.6
    Checking unicode-segmentation v1.13.2
    Checking anstyle v1.0.14
    Checking ciborium-io v0.2.2
    Checking plotters-backend v0.3.7
    Checking clap_builder v4.6.0
    Checking plotters-svg v0.3.7
    Checking bincode v1.3.3
    Checking itertools v0.10.5
    Checking futures-util v0.3.32
    Checking regex-automata v0.4.14
    Checking futures-channel v0.3.32
    Checking cast v0.3.0
   Compiling target-lexicon v0.13.5
    Checking same-file v1.0.6
    Checking futures-io v0.3.32
    Checking walkdir v2.5.0
    Checking tinytemplate v1.2.1
    Checking rayon v1.12.0
    Checking plotters v0.3.7
    Checking is-terminal v0.4.17
    Checking oorandom v11.1.5
    Checking anes v0.1.6
    Checking clap v4.6.1
   Compiling once_cell v1.21.4
    Checking criterion-plot v0.5.0
   Compiling memoffset v0.9.1
   Compiling heck v0.5.0
   Compiling pyo3-build-config v0.24.2
    Checking futures v0.3.32
   Compiling matrixmultiply v0.3.10
    Checking regex v1.12.3
    Checking inventory v0.3.24
    Checking unindent v0.2.4
    Checking rawpointer v0.2.1
   Compiling indoc v2.0.7
    Checking num-complex v0.4.6
    Checking num-integer v0.1.46
    Checking rustc-hash v2.1.2
    Checking ndarray v0.16.1
   Compiling pyo3-ffi v0.24.2
   Compiling pyo3-macros-backend v0.24.2
   Compiling pyo3 v0.24.2
   Compiling numpy v0.24.0
    Checking ahash v0.8.12
    Checking ppv-lite86 v0.2.21
    Checking half v2.7.1
    Checking ciborium-ll v0.2.2
    Checking memfuse-core v0.1.0 (/home/freddy/Arbeitsplatz/DEV/memfuse/crates/memfuse-core)
    Checking rand_chacha v0.3.1
    Checking ciborium v0.2.2
    Checking rand v0.8.6
    Checking criterion v0.5.1
    Checking memfuse-crypto v0.1.0 (/home/freddy/Arbeitsplatz/DEV/memfuse/crates/memfuse-crypto)
    Checking memfuse-graph v0.1.0 (/home/freddy/Arbeitsplatz/DEV/memfuse/crates/memfuse-graph)
    Checking memfuse-text v0.1.0 (/home/freddy/Arbeitsplatz/DEV/memfuse/crates/memfuse-text)
    Checking memfuse-checkpoint v0.1.0 (/home/freddy/Arbeitsplatz/DEV/memfuse/crates/memfuse-checkpoint)
error[E0195]: lifetime parameters or bounds on method `add_entity` do not match the trait declaration
   --> crates/memfuse-graph/src/csr.rs:173:14
    |
173 |   ...fn add_...ntity) ->...
    |         ^^^^...^^^^^^ lifetimes do not match method in trait
    |
   ::: crates/memfuse-core/src/traits.rs:217:5
    |
217 | /     async fn add_entity(
218 | |         &self,
219 | |         tx: crate::types::TxId,
220 | |         entity: crate::types::...
221 | |     ) -> crate::Result<()>;
    | |___________________________- lifetimes in impl do not match this method in trait

error[E0038]: the trait `memfuse_core::StorageEngine` is not dyn compatible
   --> crates/memfuse-text/src/inverted.rs:24:18
    |
 24 | ...rc<dyn StorageEngine>,
    |       ^^^^^^^^^^^^^^^^^ `memfuse_core::StorageEngine` is not dyn compatible
    |
note: for a trait to be dyn compatible it needs to allow building a vtable
      for more information, visit <https://doc.rust-lang.org/reference/items/traits.html#dyn-compatibility>
   --> crates/memfuse-core/src/traits.rs:61:14
    |
 61 | ...fn get(&self, key: &[u...
    |       ^^^ the trait is not dyn compatible because method `get` is `async`
...
 64 | ...fn get_at_seq(&self, k...
    |       ^^^^^^^^^^ the trait is not dyn compatible because method `get_at_seq` is `async`
...
 70 | ...fn put(&self, tx_id: T...
    |       ^^^ the trait is not dyn compatible because method `put` is `async`
...
 73 | ...fn delete(&self, tx_id...
    |       ^^^^^^ the trait is not dyn compatible because method `delete` is `async`
...
 76 | ...fn commit(&self, tx_id...
    |       ^^^^^^ the trait is not dyn compatible because method `commit` is `async`
...
 79 | ...fn rollback(&self, tx_...
    |       ^^^^^^^^ the trait is not dyn compatible because method `rollback` is `async`
...
 82 | ...fn flush(&self) -> Res...
    |       ^^^^^ the trait is not dyn compatible because method `flush` is `async`
...
 85 | ...fn stats(&self) -> Res...
    |       ^^^^^ the trait is not dyn compatible because method `stats` is `async`
...
 88 | ...fn last_seq_no(&self) ...
    |       ^^^^^^^^^^^ the trait is not dyn compatible because method `last_seq_no` is `async`
...
 93 | ...fn pin_checkpoint(&sel...
    |       ^^^^^^^^^^^^^^ the trait is not dyn compatible because method `pin_checkpoint` is `async`
...
 98 | ...fn unpin_checkpoint(&s...
    |       ^^^^^^^^^^^^^^^^ the trait is not dyn compatible because method `unpin_checkpoint` is `async`
...
103 | ...fn scan_prefix(&self, ...
    |       ^^^^^^^^^^^ the trait is not dyn compatible because method `scan_prefix` is `async`
...
109 | ...fn scan(
    |       ^^^^ the trait is not dyn compatible because method `scan` is `async`

error[E0195]: lifetime parameters or bounds on method `add_edge` do not match the trait declaration
   --> crates/memfuse-graph/src/csr.rs:186:14
    |
186 |   ...fn add_... Edge) ->...
    |         ^^^^...^^^^^^ lifetimes do not match method in trait
    |
   ::: crates/memfuse-core/src/traits.rs:224:5
    |
224 | /     async fn add_edge(&self, tx:...
225 | |         -> crate::Result<()>;
    | |_____________________________- lifetimes in impl do not match this method in trait

error[E0195]: lifetime parameters or bounds on method `traverse` do not match the trait declaration
   --> crates/memfuse-graph/src/csr.rs:200:14
    |
200 |   ...fn trav...usize) ->...
    |         ^^^^...^^^^^^ lifetimes do not match method in trait
    |
   ::: crates/memfuse-core/src/traits.rs:210:5
    |
210 | /     async fn traverse(
211 | |         &self,
212 | |         start_node: crate::types::EntityId,
213 | |         max_hops: usize,
214 | |     ) -> crate::Result<Vec<(crate::types::EntityId, f32)>>;
    | |___________________________________________________________- lifetimes in impl do not match this method in trait

error[E0195]: lifetime parameters or bounds on method `commit` do not match the trait declaration
   --> crates/memfuse-graph/src/csr.rs:264:14
    |
264 | ...fn commit(&self, _tx: TxId) ->...
    |       ^^^^^^^^^^^^^^^^^^^^^^^^ lifetimes do not match method in trait
    |
   ::: crates/memfuse-core/src/traits.rs:228:5
    |
228 |    ...Result<()>;
    |    ...----------- lifetimes in impl do not match this method in trait

error[E0195]: lifetime parameters or bounds on method `rollback` do not match the trait declaration
   --> crates/memfuse-graph/src/csr.rs:269:14
    |
269 | ...fn rollback(&self, _tx: TxId) ->...
    |       ^^^^^^^^^^^^^^^^^^^^^^^^^^ lifetimes do not match method in trait
    |
   ::: crates/memfuse-core/src/traits.rs:231:5
    |
231 |    ...Result<()>;
    |    ...----------- lifetimes in impl do not match this method in trait

error[E0195]: lifetime parameters or bounds on method `stats` do not match the trait declaration
   --> crates/memfuse-graph/src/csr.rs:276:14
    |
276 | ...fn stats(&self) ->...
    |       ^^^^^^^^^^^^ lifetimes do not match method in trait
    |
   ::: crates/memfuse-core/src/traits.rs:234:5
    |
234 |    ...ndexStats>;
    |    ...----------- lifetimes in impl do not match this method in trait

error[E0038]: the trait `memfuse_core::StorageEngine` is not dyn compatible
   --> crates/memfuse-checkpoint/src/lib.rs:55:18
    |
 55 | ...rc<dyn StorageEngine>,
    |       ^^^^^^^^^^^^^^^^^ `memfuse_core::StorageEngine` is not dyn compatible
    |
note: for a trait to be dyn compatible it needs to allow building a vtable
      for more information, visit <https://doc.rust-lang.org/reference/items/traits.html#dyn-compatibility>
   --> crates/memfuse-core/src/traits.rs:61:14
    |
 61 | ...fn get(&self, key: &[u...
    |       ^^^ the trait is not dyn compatible because method `get` is `async`
...
 64 | ...fn get_at_seq(&self, k...
    |       ^^^^^^^^^^ the trait is not dyn compatible because method `get_at_seq` is `async`
...
 70 | ...fn put(&self, tx_id: T...
    |       ^^^ the trait is not dyn compatible because method `put` is `async`
...
 73 | ...fn delete(&self, tx_id...
    |       ^^^^^^ the trait is not dyn compatible because method `delete` is `async`
...
 76 | ...fn commit(&self, tx_id...
    |       ^^^^^^ the trait is not dyn compatible because method `commit` is `async`
...
 79 | ...fn rollback(&self, tx_...
    |       ^^^^^^^^ the trait is not dyn compatible because method `rollback` is `async`
...
 82 | ...fn flush(&self) -> Res...
    |       ^^^^^ the trait is not dyn compatible because method `flush` is `async`
...
 85 | ...fn stats(&self) -> Res...
    |       ^^^^^ the trait is not dyn compatible because method `stats` is `async`
...
 88 | ...fn last_seq_no(&self) ...
    |       ^^^^^^^^^^^ the trait is not dyn compatible because method `last_seq_no` is `async`
...
 93 | ...fn pin_checkpoint(&sel...
    |       ^^^^^^^^^^^^^^ the trait is not dyn compatible because method `pin_checkpoint` is `async`
...
 98 | ...fn unpin_checkpoint(&s...
    |       ^^^^^^^^^^^^^^^^ the trait is not dyn compatible because method `unpin_checkpoint` is `async`
...
103 | ...fn scan_prefix(&self, ...
    |       ^^^^^^^^^^^ the trait is not dyn compatible because method `scan_prefix` is `async`
...
109 | ...fn scan(
    |       ^^^^ the trait is not dyn compatible because method `scan` is `async`

error[E0038]: the trait `memfuse_core::StorageEngine` is not dyn compatible
   --> crates/memfuse-checkpoint/src/lib.rs:64:29
    |
 64 | ...rc<dyn StorageEngine>) ...
    |       ^^^^^^^^^^^^^^^^^ `memfuse_core::StorageEngine` is not dyn compatible
    |
note: for a trait to be dyn compatible it needs to allow building a vtable
      for more information, visit <https://doc.rust-lang.org/reference/items/traits.html#dyn-compatibility>
   --> crates/memfuse-core/src/traits.rs:61:14
    |
 61 | ...fn get(&self, key: &[u...
    |       ^^^ the trait is not dyn compatible because method `get` is `async`
...
 64 | ...fn get_at_seq(&self, k...
    |       ^^^^^^^^^^ the trait is not dyn compatible because method `get_at_seq` is `async`
...
 70 | ...fn put(&self, tx_id: T...
    |       ^^^ the trait is not dyn compatible because method `put` is `async`
...
 73 | ...fn delete(&self, tx_id...
    |       ^^^^^^ the trait is not dyn compatible because method `delete` is `async`
...
 76 | ...fn commit(&self, tx_id...
    |       ^^^^^^ the trait is not dyn compatible because method `commit` is `async`
...
 79 | ...fn rollback(&self, tx_...
    |       ^^^^^^^^ the trait is not dyn compatible because method `rollback` is `async`
...
 82 | ...fn flush(&self) -> Res...
    |       ^^^^^ the trait is not dyn compatible because method `flush` is `async`
...
 85 | ...fn stats(&self) -> Res...
    |       ^^^^^ the trait is not dyn compatible because method `stats` is `async`
...
 88 | ...fn last_seq_no(&self) ...
    |       ^^^^^^^^^^^ the trait is not dyn compatible because method `last_seq_no` is `async`
...
 93 | ...fn pin_checkpoint(&sel...
    |       ^^^^^^^^^^^^^^ the trait is not dyn compatible because method `pin_checkpoint` is `async`
...
 98 | ...fn unpin_checkpoint(&s...
    |       ^^^^^^^^^^^^^^^^ the trait is not dyn compatible because method `unpin_checkpoint` is `async`
...
103 | ...fn scan_prefix(&self, ...
    |       ^^^^^^^^^^^ the trait is not dyn compatible because method `scan_prefix` is `async`
...
109 | ...fn scan(
    |       ^^^^ the trait is not dyn compatible because method `scan` is `async`
help: you might have meant to use `Self` to refer to the implementing type
    |
 64 -     pub fn new(storage: Arc<dyn StorageEngine>) -> Self {
 64 +     pub fn new(storage: Arc<Self>) -> Self {
    |

error[E0038]: the trait `memfuse_core::StorageEngine` is not dyn compatible
   --> crates/memfuse-checkpoint/src/lib.rs:95:9
    |
 95 | ...   s...t(seq_no).aw...
    |       ^...^^^^^^^^^ `memfuse_core::StorageEngine` is not dyn compatible
    |
note: for a trait to be dyn compatible it needs to allow building a vtable
      for more information, visit <https://doc.rust-lang.org/reference/items/traits.html#dyn-compatibility>
   --> crates/memfuse-core/src/traits.rs:61:14
    |
 61 | ...fn get(&self, key: &[u...
    |       ^^^ the trait is not dyn compatible because method `get` is `async`
...
 64 | ...fn get_at_seq(&self, k...
    |       ^^^^^^^^^^ the trait is not dyn compatible because method `get_at_seq` is `async`
...
 70 | ...fn put(&self, tx_id: T...
    |       ^^^ the trait is not dyn compatible because method `put` is `async`
...
 73 | ...fn delete(&self, tx_id...
    |       ^^^^^^ the trait is not dyn compatible because method `delete` is `async`
...
 76 | ...fn commit(&self, tx_id...
    |       ^^^^^^ the trait is not dyn compatible because method `commit` is `async`
...
 79 | ...fn rollback(&self, tx_...
    |       ^^^^^^^^ the trait is not dyn compatible because method `rollback` is `async`
...
 82 | ...fn flush(&self) -> Res...
    |       ^^^^^ the trait is not dyn compatible because method `flush` is `async`
...
 85 | ...fn stats(&self) -> Res...
    |       ^^^^^ the trait is not dyn compatible because method `stats` is `async`
...
 88 | ...fn last_seq_no(&self) ...
    |       ^^^^^^^^^^^ the trait is not dyn compatible because method `last_seq_no` is `async`
...
 93 | ...fn pin_checkpoint(&sel...
    |       ^^^^^^^^^^^^^^ the trait is not dyn compatible because method `pin_checkpoint` is `async`
...
 98 | ...fn unpin_checkpoint(&s...
    |       ^^^^^^^^^^^^^^^^ the trait is not dyn compatible because method `unpin_checkpoint` is `async`
...
103 | ...fn scan_prefix(&self, ...
    |       ^^^^^^^^^^^ the trait is not dyn compatible because method `scan_prefix` is `async`
...
109 | ...fn scan(
    |       ^^^^ the trait is not dyn compatible because method `scan` is `async`

error[E0038]: the trait `memfuse_core::StorageEngine` is not dyn compatible
   --> crates/memfuse-checkpoint/src/lib.rs:103:9
    |
103 | / ...   self.storage
104 | | ...       .put(TxId::new(0), key.as_bytes(), &value)
    | |____________________________________________________^ `memfuse_core::StorageEngine` is not dyn compatible
    |
note: for a trait to be dyn compatible it needs to allow building a vtable
      for more information, visit <https://doc.rust-lang.org/reference/items/traits.html#dyn-compatibility>
   --> crates/memfuse-core/src/traits.rs:61:14
    |
 61 | ...fn get(&self, key: &[u...
    |       ^^^ the trait is not dyn compatible because method `get` is `async`
...
 64 | ...fn get_at_seq(&self, k...
    |       ^^^^^^^^^^ the trait is not dyn compatible because method `get_at_seq` is `async`
...
 70 | ...fn put(&self, tx_id: T...
    |       ^^^ the trait is not dyn compatible because method `put` is `async`
...
 73 | ...fn delete(&self, tx_id...
    |       ^^^^^^ the trait is not dyn compatible because method `delete` is `async`
...
 76 | ...fn commit(&self, tx_id...
    |       ^^^^^^ the trait is not dyn compatible because method `commit` is `async`
...
 79 | ...fn rollback(&self, tx_...
    |       ^^^^^^^^ the trait is not dyn compatible because method `rollback` is `async`
...
 82 | ...fn flush(&self) -> Res...
    |       ^^^^^ the trait is not dyn compatible because method `flush` is `async`
...
 85 | ...fn stats(&self) -> Res...
    |       ^^^^^ the trait is not dyn compatible because method `stats` is `async`
...
 88 | ...fn last_seq_no(&self) ...
    |       ^^^^^^^^^^^ the trait is not dyn compatible because method `last_seq_no` is `async`
...
 93 | ...fn pin_checkpoint(&sel...
    |       ^^^^^^^^^^^^^^ the trait is not dyn compatible because method `pin_checkpoint` is `async`
...
 98 | ...fn unpin_checkpoint(&s...
    |       ^^^^^^^^^^^^^^^^ the trait is not dyn compatible because method `unpin_checkpoint` is `async`
...
103 | ...fn scan_prefix(&self, ...
    |       ^^^^^^^^^^^ the trait is not dyn compatible because method `scan_prefix` is `async`
...
109 | ...fn scan(
    |       ^^^^ the trait is not dyn compatible because method `scan` is `async`

error[E0038]: the trait `memfuse_core::StorageEngine` is not dyn compatible
   --> crates/memfuse-checkpoint/src/lib.rs:106:9
    |
106 | ...   s...::new(0)).aw...
    |       ^...^^^^^^^^^ `memfuse_core::StorageEngine` is not dyn compatible
    |
note: for a trait to be dyn compatible it needs to allow building a vtable
      for more information, visit <https://doc.rust-lang.org/reference/items/traits.html#dyn-compatibility>
   --> crates/memfuse-core/src/traits.rs:61:14
    |
 61 | ...fn get(&self, key: &[u...
    |       ^^^ the trait is not dyn compatible because method `get` is `async`
...
 64 | ...fn get_at_seq(&self, k...
    |       ^^^^^^^^^^ the trait is not dyn compatible because method `get_at_seq` is `async`
...
 70 | ...fn put(&self, tx_id: T...
    |       ^^^ the trait is not dyn compatible because method `put` is `async`
...
 73 | ...fn delete(&self, tx_id...
    |       ^^^^^^ the trait is not dyn compatible because method `delete` is `async`
...
 76 | ...fn commit(&self, tx_id...
    |       ^^^^^^ the trait is not dyn compatible because method `commit` is `async`
...
 79 | ...fn rollback(&self, tx_...
    |       ^^^^^^^^ the trait is not dyn compatible because method `rollback` is `async`
...
 82 | ...fn flush(&self) -> Res...
    |       ^^^^^ the trait is not dyn compatible because method `flush` is `async`
...
 85 | ...fn stats(&self) -> Res...
    |       ^^^^^ the trait is not dyn compatible because method `stats` is `async`
...
 88 | ...fn last_seq_no(&self) ...
    |       ^^^^^^^^^^^ the trait is not dyn compatible because method `last_seq_no` is `async`
...
 93 | ...fn pin_checkpoint(&sel...
    |       ^^^^^^^^^^^^^^ the trait is not dyn compatible because method `pin_checkpoint` is `async`
...
 98 | ...fn unpin_checkpoint(&s...
    |       ^^^^^^^^^^^^^^^^ the trait is not dyn compatible because method `unpin_checkpoint` is `async`
...
103 | ...fn scan_prefix(&self, ...
    |       ^^^^^^^^^^^ the trait is not dyn compatible because method `scan_prefix` is `async`
...
109 | ...fn scan(
    |       ^^^^ the trait is not dyn compatible because method `scan` is `async`

error[E0038]: the trait `memfuse_core::StorageEngine` is not dyn compatible
   --> crates/memfuse-checkpoint/src/lib.rs:139:23
    |
139 | ... = self.storage.sc....
    |       ^^^^^^^^^^^^^^^...fuse_core::StorageEngine` is not dyn compatible
    |
note: for a trait to be dyn compatible it needs to allow building a vtable
      for more information, visit <https://doc.rust-lang.org/reference/items/traits.html#dyn-compatibility>
   --> crates/memfuse-core/src/traits.rs:61:14
    |
 61 | ...fn get(&self, key: &[u...
    |       ^^^ the trait is not dyn compatible because method `get` is `async`
...
 64 | ...fn get_at_seq(&self, k...
    |       ^^^^^^^^^^ the trait is not dyn compatible because method `get_at_seq` is `async`
...
 70 | ...fn put(&self, tx_id: T...
    |       ^^^ the trait is not dyn compatible because method `put` is `async`
...
 73 | ...fn delete(&self, tx_id...
    |       ^^^^^^ the trait is not dyn compatible because method `delete` is `async`
...
 76 | ...fn commit(&self, tx_id...
    |       ^^^^^^ the trait is not dyn compatible because method `commit` is `async`
...
 79 | ...fn rollback(&self, tx_...
    |       ^^^^^^^^ the trait is not dyn compatible because method `rollback` is `async`
...
 82 | ...fn flush(&self) -> Res...
    |       ^^^^^ the trait is not dyn compatible because method `flush` is `async`
...
 85 | ...fn stats(&self) -> Res...
    |       ^^^^^ the trait is not dyn compatible because method `stats` is `async`
...
 88 | ...fn last_seq_no(&self) ...
    |       ^^^^^^^^^^^ the trait is not dyn compatible because method `last_seq_no` is `async`
...
 93 | ...fn pin_checkpoint(&sel...
    |       ^^^^^^^^^^^^^^ the trait is not dyn compatible because method `pin_checkpoint` is `async`
...
 98 | ...fn unpin_checkpoint(&s...
    |       ^^^^^^^^^^^^^^^^ the trait is not dyn compatible because method `unpin_checkpoint` is `async`
...
103 | ...fn scan_prefix(&self, ...
    |       ^^^^^^^^^^^ the trait is not dyn compatible because method `scan_prefix` is `async`
...
109 | ...fn scan(
    |       ^^^^ the trait is not dyn compatible because method `scan` is `async`

error[E0277]: the size for values of type `[u8]` cannot be known at compilation time
   --> crates/memfuse-checkpoint/src/lib.rs:141:17
    |
141 | ..._, value) i...
    |       ^^^^^ doesn't have a size known at compile-time
    |
    = help: the trait `std::marker::Sized` is not implemented for `[u8]`
    = note: all local variables must have a statically known size

error[E0277]: the size for values of type `[u8]` cannot be known at compilation time
   --> crates/memfuse-checkpoint/src/lib.rs:141:27
    |
141 | ...in entries {
    |       ^^^^^^^ doesn't have a size known at compile-time
    |
    = help: within `(_, [u8])`, the trait `std::marker::Sized` is not implemented for `[u8]`
    = note: required because it appears within the type `(_, [u8])`
note: required by an implicit `Sized` bound in `std::option::Option`
   --> /home/freddy/.rustup/toolchains/nightly-x86_64-unknown-linux-gnu/lib/rustlib/src/rust/library/core/src/option.rs:600:17
    |
600 | ...on<T> {
    |       ^ required by the implicit `Sized` requirement on this type parameter in `Option`

error[E0038]: the trait `memfuse_core::StorageEngine` is not dyn compatible
   --> crates/memfuse-checkpoint/src/lib.rs:172:13
    |
172 | ...   self....q_no).aw...
    |       ^^^^^...^^^^^ `memfuse_core::StorageEngine` is not dyn compatible
    |
note: for a trait to be dyn compatible it needs to allow building a vtable
      for more information, visit <https://doc.rust-lang.org/reference/items/traits.html#dyn-compatibility>
   --> crates/memfuse-core/src/traits.rs:61:14
    |
 61 | ...fn get(&self, key: &[u...
    |       ^^^ the trait is not dyn compatible because method `get` is `async`
...
 64 | ...fn get_at_seq(&self, k...
    |       ^^^^^^^^^^ the trait is not dyn compatible because method `get_at_seq` is `async`
...
 70 | ...fn put(&self, tx_id: T...
    |       ^^^ the trait is not dyn compatible because method `put` is `async`
...
 73 | ...fn delete(&self, tx_id...
    |       ^^^^^^ the trait is not dyn compatible because method `delete` is `async`
...
 76 | ...fn commit(&self, tx_id...
    |       ^^^^^^ the trait is not dyn compatible because method `commit` is `async`
...
 79 | ...fn rollback(&self, tx_...
    |       ^^^^^^^^ the trait is not dyn compatible because method `rollback` is `async`
...
 82 | ...fn flush(&self) -> Res...
    |       ^^^^^ the trait is not dyn compatible because method `flush` is `async`
...
 85 | ...fn stats(&self) -> Res...
    |       ^^^^^ the trait is not dyn compatible because method `stats` is `async`
...
 88 | ...fn last_seq_no(&self) ...
    |       ^^^^^^^^^^^ the trait is not dyn compatible because method `last_seq_no` is `async`
...
 93 | ...fn pin_checkpoint(&sel...
    |       ^^^^^^^^^^^^^^ the trait is not dyn compatible because method `pin_checkpoint` is `async`
...
 98 | ...fn unpin_checkpoint(&s...
    |       ^^^^^^^^^^^^^^^^ the trait is not dyn compatible because method `unpin_checkpoint` is `async`
...
103 | ...fn scan_prefix(&self, ...
    |       ^^^^^^^^^^^ the trait is not dyn compatible because method `scan_prefix` is `async`
...
109 | ...fn scan(
    |       ^^^^ the trait is not dyn compatible because method `scan` is `async`

error[E0038]: the trait `memfuse_core::StorageEngine` is not dyn compatible
   --> crates/memfuse-checkpoint/src/lib.rs:176:13
    |
176 | ...   self....es()).aw...
    |       ^^^^^...^^^^^ `memfuse_core::StorageEngine` is not dyn compatible
    |
note: for a trait to be dyn compatible it needs to allow building a vtable
      for more information, visit <https://doc.rust-lang.org/reference/items/traits.html#dyn-compatibility>
   --> crates/memfuse-core/src/traits.rs:61:14
    |
 61 | ...fn get(&self, key: &[u...
    |       ^^^ the trait is not dyn compatible because method `get` is `async`
...
 64 | ...fn get_at_seq(&self, k...
    |       ^^^^^^^^^^ the trait is not dyn compatible because method `get_at_seq` is `async`
...
 70 | ...fn put(&self, tx_id: T...
    |       ^^^ the trait is not dyn compatible because method `put` is `async`
...
 73 | ...fn delete(&self, tx_id...
    |       ^^^^^^ the trait is not dyn compatible because method `delete` is `async`
...
 76 | ...fn commit(&self, tx_id...
    |       ^^^^^^ the trait is not dyn compatible because method `commit` is `async`
...
 79 | ...fn rollback(&self, tx_...
    |       ^^^^^^^^ the trait is not dyn compatible because method `rollback` is `async`
...
 82 | ...fn flush(&self) -> Res...
    |       ^^^^^ the trait is not dyn compatible because method `flush` is `async`
...
 85 | ...fn stats(&self) -> Res...
    |       ^^^^^ the trait is not dyn compatible because method `stats` is `async`
...
 88 | ...fn last_seq_no(&self) ...
    |       ^^^^^^^^^^^ the trait is not dyn compatible because method `last_seq_no` is `async`
...
 93 | ...fn pin_checkpoint(&sel...
    |       ^^^^^^^^^^^^^^ the trait is not dyn compatible because method `pin_checkpoint` is `async`
...
 98 | ...fn unpin_checkpoint(&s...
    |       ^^^^^^^^^^^^^^^^ the trait is not dyn compatible because method `unpin_checkpoint` is `async`
...
103 | ...fn scan_prefix(&self, ...
    |       ^^^^^^^^^^^ the trait is not dyn compatible because method `scan_prefix` is `async`
...
109 | ...fn scan(
    |       ^^^^ the trait is not dyn compatible because method `scan` is `async`

error[E0038]: the trait `memfuse_core::StorageEngine` is not dyn compatible
   --> crates/memfuse-checkpoint/src/lib.rs:177:13
    |
177 | ...   self....w(0)).aw...
    |       ^^^^^...^^^^^ `memfuse_core::StorageEngine` is not dyn compatible
    |
note: for a trait to be dyn compatible it needs to allow building a vtable
      for more information, visit <https://doc.rust-lang.org/reference/items/traits.html#dyn-compatibility>
   --> crates/memfuse-core/src/traits.rs:61:14
    |
 61 | ...fn get(&self, key: &[u...
    |       ^^^ the trait is not dyn compatible because method `get` is `async`
...
 64 | ...fn get_at_seq(&self, k...
    |       ^^^^^^^^^^ the trait is not dyn compatible because method `get_at_seq` is `async`
...
 70 | ...fn put(&self, tx_id: T...
    |       ^^^ the trait is not dyn compatible because method `put` is `async`
...
 73 | ...fn delete(&self, tx_id...
    |       ^^^^^^ the trait is not dyn compatible because method `delete` is `async`
...
 76 | ...fn commit(&self, tx_id...
    |       ^^^^^^ the trait is not dyn compatible because method `commit` is `async`
...
 79 | ...fn rollback(&self, tx_...
    |       ^^^^^^^^ the trait is not dyn compatible because method `rollback` is `async`
...
 82 | ...fn flush(&self) -> Res...
    |       ^^^^^ the trait is not dyn compatible because method `flush` is `async`
...
 85 | ...fn stats(&self) -> Res...
    |       ^^^^^ the trait is not dyn compatible because method `stats` is `async`
...
 88 | ...fn last_seq_no(&self) ...
    |       ^^^^^^^^^^^ the trait is not dyn compatible because method `last_seq_no` is `async`
...
 93 | ...fn pin_checkpoint(&sel...
    |       ^^^^^^^^^^^^^^ the trait is not dyn compatible because method `pin_checkpoint` is `async`
...
 98 | ...fn unpin_checkpoint(&s...
    |       ^^^^^^^^^^^^^^^^ the trait is not dyn compatible because method `unpin_checkpoint` is `async`
...
103 | ...fn scan_prefix(&self, ...
    |       ^^^^^^^^^^^ the trait is not dyn compatible because method `scan_prefix` is `async`
...
109 | ...fn scan(
    |       ^^^^ the trait is not dyn compatible because method `scan` is `async`

error[E0195]: lifetime parameters or bounds on method `search` do not match the trait declaration
   --> crates/memfuse-text/src/inverted.rs:376:14
    |
376 | ...fn search...ize) ->...
    |       ^^^^^^...^^^^ lifetimes do not match method in trait
    |
   ::: crates/memfuse-core/src/traits.rs:184:5
    |
184 |    ...Document>>;
    |    ...----------- lifetimes in impl do not match this method in trait

error[E0195]: lifetime parameters or bounds on method `insert` do not match the trait declaration
   --> crates/memfuse-text/src/inverted.rs:384:14
    |
384 | ...fn insert...str) ->...
    |       ^^^^^^...^^^^ lifetimes do not match method in trait
    |
   ::: crates/memfuse-core/src/traits.rs:187:5
    |
187 |    ...Result<()>;
    |    ...----------- lifetimes in impl do not match this method in trait

error[E0195]: lifetime parameters or bounds on method `delete` do not match the trait declaration
   --> crates/memfuse-text/src/inverted.rs:388:14
    |
388 | ...fn delete...cId) ->...
    |       ^^^^^^...^^^^ lifetimes do not match method in trait
    |
   ::: crates/memfuse-core/src/traits.rs:190:5
    |
190 |    ...Result<()>;
    |    ...----------- lifetimes in impl do not match this method in trait

error[E0195]: lifetime parameters or bounds on method `commit` do not match the trait declaration
   --> crates/memfuse-text/src/inverted.rs:392:14
    |
392 | ...fn commit(&self, tx: TxId) ->...
    |       ^^^^^^^^^^^^^^^^^^^^^^^ lifetimes do not match method in trait
    |
   ::: crates/memfuse-core/src/traits.rs:193:5
    |
193 |    ...Result<()>;
    |    ...----------- lifetimes in impl do not match this method in trait

error[E0195]: lifetime parameters or bounds on method `rollback` do not match the trait declaration
   --> crates/memfuse-text/src/inverted.rs:396:14
    |
396 | ...fn rollback(&self, tx: TxId) ->...
    |       ^^^^^^^^^^^^^^^^^^^^^^^^^ lifetimes do not match method in trait
    |
   ::: crates/memfuse-core/src/traits.rs:196:5
    |
196 |    ...Result<()>;
    |    ...----------- lifetimes in impl do not match this method in trait

error[E0195]: lifetime parameters or bounds on method `stats` do not match the trait declaration
   --> crates/memfuse-text/src/inverted.rs:400:14
    |
400 | ...fn stats(&self) ->...
    |       ^^^^^^^^^^^^ lifetimes do not match method in trait
    |
   ::: crates/memfuse-core/src/traits.rs:199:5
    |
199 |    ...ndexStats>;
    |    ...----------- lifetimes in impl do not match this method in trait

error[E0038]: the trait `memfuse_core::StorageEngine` is not dyn compatible
   --> crates/memfuse-checkpoint/src/lib.rs:66:13
    |
 66 | ...   storage,
    |       ^^^^^^^ `memfuse_core::StorageEngine` is not dyn compatible
    |
note: for a trait to be dyn compatible it needs to allow building a vtable
      for more information, visit <https://doc.rust-lang.org/reference/items/traits.html#dyn-compatibility>
   --> crates/memfuse-core/src/traits.rs:61:14
    |
 61 | ...fn get(&self, key: &[u...
    |       ^^^ the trait is not dyn compatible because method `get` is `async`
...
 64 | ...fn get_at_seq(&self, k...
    |       ^^^^^^^^^^ the trait is not dyn compatible because method `get_at_seq` is `async`
...
 70 | ...fn put(&self, tx_id: T...
    |       ^^^ the trait is not dyn compatible because method `put` is `async`
...
 73 | ...fn delete(&self, tx_id...
    |       ^^^^^^ the trait is not dyn compatible because method `delete` is `async`
...
 76 | ...fn commit(&self, tx_id...
    |       ^^^^^^ the trait is not dyn compatible because method `commit` is `async`
...
 79 | ...fn rollback(&self, tx_...
    |       ^^^^^^^^ the trait is not dyn compatible because method `rollback` is `async`
...
 82 | ...fn flush(&self) -> Res...
    |       ^^^^^ the trait is not dyn compatible because method `flush` is `async`
...
 85 | ...fn stats(&self) -> Res...
    |       ^^^^^ the trait is not dyn compatible because method `stats` is `async`
...
 88 | ...fn last_seq_no(&self) ...
    |       ^^^^^^^^^^^ the trait is not dyn compatible because method `last_seq_no` is `async`
...
 93 | ...fn pin_checkpoint(&sel...
    |       ^^^^^^^^^^^^^^ the trait is not dyn compatible because method `pin_checkpoint` is `async`
...
 98 | ...fn unpin_checkpoint(&s...
    |       ^^^^^^^^^^^^^^^^ the trait is not dyn compatible because method `unpin_checkpoint` is `async`
...
103 | ...fn scan_prefix(&self, ...
    |       ^^^^^^^^^^^ the trait is not dyn compatible because method `scan_prefix` is `async`
...
109 | ...fn scan(
    |       ^^^^ the trait is not dyn compatible because method `scan` is `async`

error[E0195]: lifetime parameters or bounds on method `search` do not match the trait declaration
   --> crates/memfuse-text/src/inverted.rs:460:14
    |
460 | ...fn search...ize) ->...
    |       ^^^^^^...^^^^ lifetimes do not match method in trait
    |
   ::: crates/memfuse-core/src/traits.rs:184:5
    |
184 |    ...Document>>;
    |    ...----------- lifetimes in impl do not match this method in trait

error[E0195]: lifetime parameters or bounds on method `insert` do not match the trait declaration
   --> crates/memfuse-text/src/inverted.rs:468:14
    |
468 | ...fn insert...str) ->...
    |       ^^^^^^...^^^^ lifetimes do not match method in trait
    |
   ::: crates/memfuse-core/src/traits.rs:187:5
    |
187 |    ...Result<()>;
    |    ...----------- lifetimes in impl do not match this method in trait

error[E0195]: lifetime parameters or bounds on method `delete` do not match the trait declaration
   --> crates/memfuse-text/src/inverted.rs:472:14
    |
472 | ...fn delete...cId) ->...
    |       ^^^^^^...^^^^ lifetimes do not match method in trait
    |
   ::: crates/memfuse-core/src/traits.rs:190:5
    |
190 |    ...Result<()>;
    |    ...----------- lifetimes in impl do not match this method in trait

error[E0195]: lifetime parameters or bounds on method `commit` do not match the trait declaration
   --> crates/memfuse-text/src/inverted.rs:476:14
    |
476 | ...fn commit(&self, tx: TxId) ->...
    |       ^^^^^^^^^^^^^^^^^^^^^^^ lifetimes do not match method in trait
    |
   ::: crates/memfuse-core/src/traits.rs:193:5
    |
193 |    ...Result<()>;
    |    ...----------- lifetimes in impl do not match this method in trait

error[E0195]: lifetime parameters or bounds on method `rollback` do not match the trait declaration
   --> crates/memfuse-text/src/inverted.rs:480:14
    |
480 | ...fn rollback(&self, tx: TxId) ->...
    |       ^^^^^^^^^^^^^^^^^^^^^^^^^ lifetimes do not match method in trait
    |
   ::: crates/memfuse-core/src/traits.rs:196:5
    |
196 |    ...Result<()>;
    |    ...----------- lifetimes in impl do not match this method in trait

error[E0195]: lifetime parameters or bounds on method `stats` do not match the trait declaration
   --> crates/memfuse-text/src/inverted.rs:484:14
    |
484 | ...fn stats(&self) ->...
    |       ^^^^^^^^^^^^ lifetimes do not match method in trait
    |
   ::: crates/memfuse-core/src/traits.rs:199:5
    |
199 |    ...ndexStats>;
    |    ...----------- lifetimes in impl do not match this method in trait

error[E0038]: the trait `memfuse_core::StorageEngine` is not dyn compatible
   --> crates/memfuse-text/src/inverted.rs:31:29
    |
 31 | ...rc<dyn StorageEngine>, ...
    |       ^^^^^^^^^^^^^^^^^ `memfuse_core::StorageEngine` is not dyn compatible
    |
note: for a trait to be dyn compatible it needs to allow building a vtable
      for more information, visit <https://doc.rust-lang.org/reference/items/traits.html#dyn-compatibility>
   --> crates/memfuse-core/src/traits.rs:61:14
    |
 61 | ...fn get(&self, key: &[u...
    |       ^^^ the trait is not dyn compatible because method `get` is `async`
...
 64 | ...fn get_at_seq(&self, k...
    |       ^^^^^^^^^^ the trait is not dyn compatible because method `get_at_seq` is `async`
...
 70 | ...fn put(&self, tx_id: T...
    |       ^^^ the trait is not dyn compatible because method `put` is `async`
...
 73 | ...fn delete(&self, tx_id...
    |       ^^^^^^ the trait is not dyn compatible because method `delete` is `async`
...
 76 | ...fn commit(&self, tx_id...
    |       ^^^^^^ the trait is not dyn compatible because method `commit` is `async`
...
 79 | ...fn rollback(&self, tx_...
    |       ^^^^^^^^ the trait is not dyn compatible because method `rollback` is `async`
...
 82 | ...fn flush(&self) -> Res...
    |       ^^^^^ the trait is not dyn compatible because method `flush` is `async`
...
 85 | ...fn stats(&self) -> Res...
    |       ^^^^^ the trait is not dyn compatible because method `stats` is `async`
...
 88 | ...fn last_seq_no(&self) ...
    |       ^^^^^^^^^^^ the trait is not dyn compatible because method `last_seq_no` is `async`
...
 93 | ...fn pin_checkpoint(&sel...
    |       ^^^^^^^^^^^^^^ the trait is not dyn compatible because method `pin_checkpoint` is `async`
...
 98 | ...fn unpin_checkpoint(&s...
    |       ^^^^^^^^^^^^^^^^ the trait is not dyn compatible because method `unpin_checkpoint` is `async`
...
103 | ...fn scan_prefix(&self, ...
    |       ^^^^^^^^^^^ the trait is not dyn compatible because method `scan_prefix` is `async`
...
109 | ...fn scan(
    |       ^^^^ the trait is not dyn compatible because method `scan` is `async`
help: you might have meant to use `Self` to refer to the implementing type
    |
 31 -     pub fn new(storage: Arc<dyn StorageEngine>, namespace: &str) -> Self {
 31 +     pub fn new(storage: Arc<Self>, namespace: &str) -> Self {
    |

error[E0038]: the trait `memfuse_core::StorageEngine` is not dyn compatible
   --> crates/memfuse-text/src/inverted.rs:443:22
    |
443 | ...rc<dyn StorageEngine>,
    |       ^^^^^^^^^^^^^^^^^ `memfuse_core::StorageEngine` is not dyn compatible
    |
note: for a trait to be dyn compatible it needs to allow building a vtable
      for more information, visit <https://doc.rust-lang.org/reference/items/traits.html#dyn-compatibility>
   --> crates/memfuse-core/src/traits.rs:61:14
    |
 61 | ...fn get(&self, key: &[u...
    |       ^^^ the trait is not dyn compatible because method `get` is `async`
...
 64 | ...fn get_at_seq(&self, k...
    |       ^^^^^^^^^^ the trait is not dyn compatible because method `get_at_seq` is `async`
...
 70 | ...fn put(&self, tx_id: T...
    |       ^^^ the trait is not dyn compatible because method `put` is `async`
...
 73 | ...fn delete(&self, tx_id...
    |       ^^^^^^ the trait is not dyn compatible because method `delete` is `async`
...
 76 | ...fn commit(&self, tx_id...
    |       ^^^^^^ the trait is not dyn compatible because method `commit` is `async`
...
 79 | ...fn rollback(&self, tx_...
    |       ^^^^^^^^ the trait is not dyn compatible because method `rollback` is `async`
...
 82 | ...fn flush(&self) -> Res...
    |       ^^^^^ the trait is not dyn compatible because method `flush` is `async`
...
 85 | ...fn stats(&self) -> Res...
    |       ^^^^^ the trait is not dyn compatible because method `stats` is `async`
...
 88 | ...fn last_seq_no(&self) ...
    |       ^^^^^^^^^^^ the trait is not dyn compatible because method `last_seq_no` is `async`
...
 93 | ...fn pin_checkpoint(&sel...
    |       ^^^^^^^^^^^^^^ the trait is not dyn compatible because method `pin_checkpoint` is `async`
...
 98 | ...fn unpin_checkpoint(&s...
    |       ^^^^^^^^^^^^^^^^ the trait is not dyn compatible because method `unpin_checkpoint` is `async`
...
103 | ...fn scan_prefix(&self, ...
    |       ^^^^^^^^^^^ the trait is not dyn compatible because method `scan_prefix` is `async`
...
109 | ...fn scan(
    |       ^^^^ the trait is not dyn compatible because method `scan` is `async`
help: you might have meant to use `Self` to refer to the implementing type
    |
443 -         storage: Arc<dyn StorageEngine>,
443 +         storage: Arc<Self>,
    |

error[E0038]: the trait `memfuse_core::StorageEngine` is not dyn compatible
   --> crates/memfuse-text/src/lib.rs:25:40
    |
 25 | ...rc<dyn memfuse_core::StorageEngine>, ...
    |       ^^^^^^^^^^^^^^^^^^^^^^^^^^^^^^^ ...eEngine` is not dyn compatible
    |
note: for a trait to be dyn compatible it needs to allow building a vtable
      for more information, visit <https://doc.rust-lang.org/reference/items/traits.html#dyn-compatibility>
   --> crates/memfuse-core/src/traits.rs:61:14
    |
 61 | ...fn get(&self, key: &[u...
    |       ^^^ the trait is not dyn compatible because method `get` is `async`
...
 64 | ...fn get_at_seq(&self, k...
    |       ^^^^^^^^^^ the trait is not dyn compatible because method `get_at_seq` is `async`
...
 70 | ...fn put(&self, tx_id: T...
    |       ^^^ the trait is not dyn compatible because method `put` is `async`
...
 73 | ...fn delete(&self, tx_id...
    |       ^^^^^^ the trait is not dyn compatible because method `delete` is `async`
...
 76 | ...fn commit(&self, tx_id...
    |       ^^^^^^ the trait is not dyn compatible because method `commit` is `async`
...
 79 | ...fn rollback(&self, tx_...
    |       ^^^^^^^^ the trait is not dyn compatible because method `rollback` is `async`
...
 82 | ...fn flush(&self) -> Res...
    |       ^^^^^ the trait is not dyn compatible because method `flush` is `async`
...
 85 | ...fn stats(&self) -> Res...
    |       ^^^^^ the trait is not dyn compatible because method `stats` is `async`
...
 88 | ...fn last_seq_no(&self) ...
    |       ^^^^^^^^^^^ the trait is not dyn compatible because method `last_seq_no` is `async`
...
 93 | ...fn pin_checkpoint(&sel...
    |       ^^^^^^^^^^^^^^ the trait is not dyn compatible because method `pin_checkpoint` is `async`
...
 98 | ...fn unpin_checkpoint(&s...
    |       ^^^^^^^^^^^^^^^^ the trait is not dyn compatible because method `unpin_checkpoint` is `async`
...
103 | ...fn scan_prefix(&self, ...
    |       ^^^^^^^^^^^ the trait is not dyn compatible because method `scan_prefix` is `async`
...
109 | ...fn scan(
    |       ^^^^ the trait is not dyn compatible because method `scan` is `async`
help: you might have meant to use `Self` to refer to the implementing type
    |
 25 -     pub fn new(storage: std::sync::Arc<dyn memfuse_core::StorageEngine>, namespace: &str) -> Self {
 25 +     pub fn new(storage: std::sync::Arc<Self>, namespace: &str) -> Self {
    |

error[E0038]: the trait `memfuse_core::StorageEngine` is not dyn compatible
   --> crates/memfuse-text/src/inverted.rs:92:30
    |
 92 | ... = self.storage.get(&dl_key).aw...
    |       ^^^^^^^^^^^^^^^^^^^^^^^^^ `memfuse_core::StorageEngine` is not dyn compatible
    |
note: for a trait to be dyn compatible it needs to allow building a vtable
      for more information, visit <https://doc.rust-lang.org/reference/items/traits.html#dyn-compatibility>
   --> crates/memfuse-core/src/traits.rs:61:14
    |
 61 | ...fn get(&self, key: &[u...
    |       ^^^ the trait is not dyn compatible because method `get` is `async`
...
 64 | ...fn get_at_seq(&self, k...
    |       ^^^^^^^^^^ the trait is not dyn compatible because method `get_at_seq` is `async`
...
 70 | ...fn put(&self, tx_id: T...
    |       ^^^ the trait is not dyn compatible because method `put` is `async`
...
 73 | ...fn delete(&self, tx_id...
    |       ^^^^^^ the trait is not dyn compatible because method `delete` is `async`
...
 76 | ...fn commit(&self, tx_id...
    |       ^^^^^^ the trait is not dyn compatible because method `commit` is `async`
...
 79 | ...fn rollback(&self, tx_...
    |       ^^^^^^^^ the trait is not dyn compatible because method `rollback` is `async`
...
 82 | ...fn flush(&self) -> Res...
    |       ^^^^^ the trait is not dyn compatible because method `flush` is `async`
...
 85 | ...fn stats(&self) -> Res...
    |       ^^^^^ the trait is not dyn compatible because method `stats` is `async`
...
 88 | ...fn last_seq_no(&self) ...
    |       ^^^^^^^^^^^ the trait is not dyn compatible because method `last_seq_no` is `async`
...
 93 | ...fn pin_checkpoint(&sel...
    |       ^^^^^^^^^^^^^^ the trait is not dyn compatible because method `pin_checkpoint` is `async`
...
 98 | ...fn unpin_checkpoint(&s...
    |       ^^^^^^^^^^^^^^^^ the trait is not dyn compatible because method `unpin_checkpoint` is `async`
...
103 | ...fn scan_prefix(&self, ...
    |       ^^^^^^^^^^^ the trait is not dyn compatible because method `scan_prefix` is `async`
...
109 | ...fn scan(
    |       ^^^^ the trait is not dyn compatible because method `scan` is `async`

error[E0038]: the trait `memfuse_core::StorageEngine` is not dyn compatible
   --> crates/memfuse-text/src/inverted.rs:103:41
    |
103 | ... = self.storage.get(&fw_key).aw...
    |       ^^^^^^^^^^^^^^^^^^^^^^^^^ `memfuse_core::StorageEngine` is not dyn compatible
    |
note: for a trait to be dyn compatible it needs to allow building a vtable
      for more information, visit <https://doc.rust-lang.org/reference/items/traits.html#dyn-compatibility>
   --> crates/memfuse-core/src/traits.rs:61:14
    |
 61 | ...fn get(&self, key: &[u...
    |       ^^^ the trait is not dyn compatible because method `get` is `async`
...
 64 | ...fn get_at_seq(&self, k...
    |       ^^^^^^^^^^ the trait is not dyn compatible because method `get_at_seq` is `async`
...
 70 | ...fn put(&self, tx_id: T...
    |       ^^^ the trait is not dyn compatible because method `put` is `async`
...
 73 | ...fn delete(&self, tx_id...
    |       ^^^^^^ the trait is not dyn compatible because method `delete` is `async`
...
 76 | ...fn commit(&self, tx_id...
    |       ^^^^^^ the trait is not dyn compatible because method `commit` is `async`
...
 79 | ...fn rollback(&self, tx_...
    |       ^^^^^^^^ the trait is not dyn compatible because method `rollback` is `async`
...
 82 | ...fn flush(&self) -> Res...
    |       ^^^^^ the trait is not dyn compatible because method `flush` is `async`
...
 85 | ...fn stats(&self) -> Res...
    |       ^^^^^ the trait is not dyn compatible because method `stats` is `async`
...
 88 | ...fn last_seq_no(&self) ...
    |       ^^^^^^^^^^^ the trait is not dyn compatible because method `last_seq_no` is `async`
...
 93 | ...fn pin_checkpoint(&sel...
    |       ^^^^^^^^^^^^^^ the trait is not dyn compatible because method `pin_checkpoint` is `async`
...
 98 | ...fn unpin_checkpoint(&s...
    |       ^^^^^^^^^^^^^^^^ the trait is not dyn compatible because method `unpin_checkpoint` is `async`
...
103 | ...fn scan_prefix(&self, ...
    |       ^^^^^^^^^^^ the trait is not dyn compatible because method `scan_prefix` is `async`
...
109 | ...fn scan(
    |       ^^^^ the trait is not dyn compatible because method `scan` is `async`

    Checking memfuse-store v0.1.0 (/home/freddy/Arbeitsplatz/DEV/memfuse/crates/memfuse-store)
error[E0277]: the size for values of type `[u8]` cannot be known at compilation time
   --> crates/memfuse-text/src/inverted.rs:103:29
    |
103 | ...me(fw_bytes) =...
    |       ^^^^^^^^ doesn't have a size known at compile-time
    |
    = help: the trait `std::marker::Sized` is not implemented for `[u8]`
    = note: all local variables must have a statically known size

error[E0277]: the size for values of type `[u8]` cannot be known at compilation time
   --> crates/memfuse-text/src/inverted.rs:103:24
    |
103 | ...et Some(fw_bytes) = ...
    |       ^^^^^^^^^^^^^^ doesn't have a size known at compile-time
    |
    = help: the trait `std::marker::Sized` is not implemented for `[u8]`
note: required by a bound in `std::prelude::v1::Some`
   --> /home/freddy/.rustup/toolchains/nightly-x86_64-unknown-linux-gnu/lib/rustlib/src/rust/library/core/src/option.rs:600:17
    |
600 | pub enum Option<T> {
    |                 ^ required by this bound in `std::prelude::v1::Some`
...
608 |     Some(#[stable(fe...
    |     ---- required by a bound in this tuple variant

error[E0277]: the size for values of type `[u8]` cannot be known at compilation time
   --> crates/memfuse-text/src/inverted.rs:103:41
    |
103 | ... = self.storage.get(&fw_key).await? {
    |       ^^^^^^^^^^^^^^^^^^^^^^^^^^^^^^^^ ...own at compile-time
    |
    = help: the trait `std::marker::Sized` is not implemented for `[u8]`
note: required by an implicit `Sized` bound in `std::option::Option`
   --> /home/freddy/.rustup/toolchains/nightly-x86_64-unknown-linux-gnu/lib/rustlib/src/rust/library/core/src/option.rs:600:17
    |
600 | ...on<T> {
    |       ^ required by the implicit `Sized` requirement on this type parameter in `Option`

error[E0038]: the trait `memfuse_core::StorageEngine` is not dyn compatible
   --> crates/memfuse-text/src/inverted.rs:107:53
    |
107 | ... = self.storage.get(&pl_key).aw...
    |       ^^^^^^^^^^^^^^^^^^^^^^^^^ `memfuse_core::StorageEngine` is not dyn compatible
    |
note: for a trait to be dyn compatible it needs to allow building a vtable
      for more information, visit <https://doc.rust-lang.org/reference/items/traits.html#dyn-compatibility>
   --> crates/memfuse-core/src/traits.rs:61:14
    |
 61 | ...fn get(&self, key: &[u...
    |       ^^^ the trait is not dyn compatible because method `get` is `async`
...
 64 | ...fn get_at_seq(&self, k...
    |       ^^^^^^^^^^ the trait is not dyn compatible because method `get_at_seq` is `async`
...
 70 | ...fn put(&self, tx_id: T...
    |       ^^^ the trait is not dyn compatible because method `put` is `async`
...
 73 | ...fn delete(&self, tx_id...
    |       ^^^^^^ the trait is not dyn compatible because method `delete` is `async`
...
 76 | ...fn commit(&self, tx_id...
    |       ^^^^^^ the trait is not dyn compatible because method `commit` is `async`
...
 79 | ...fn rollback(&self, tx_...
    |       ^^^^^^^^ the trait is not dyn compatible because method `rollback` is `async`
...
 82 | ...fn flush(&self) -> Res...
    |       ^^^^^ the trait is not dyn compatible because method `flush` is `async`
...
 85 | ...fn stats(&self) -> Res...
    |       ^^^^^ the trait is not dyn compatible because method `stats` is `async`
...
 88 | ...fn last_seq_no(&self) ...
    |       ^^^^^^^^^^^ the trait is not dyn compatible because method `last_seq_no` is `async`
...
 93 | ...fn pin_checkpoint(&sel...
    |       ^^^^^^^^^^^^^^ the trait is not dyn compatible because method `pin_checkpoint` is `async`
...
 98 | ...fn unpin_checkpoint(&s...
    |       ^^^^^^^^^^^^^^^^ the trait is not dyn compatible because method `unpin_checkpoint` is `async`
...
103 | ...fn scan_prefix(&self, ...
    |       ^^^^^^^^^^^ the trait is not dyn compatible because method `scan_prefix` is `async`
...
109 | ...fn scan(
    |       ^^^^ the trait is not dyn compatible because method `scan` is `async`

error[E0277]: the size for values of type `[u8]` cannot be known at compilation time
   --> crates/memfuse-text/src/inverted.rs:107:41
    |
107 | ...me(pl_bytes) =...
    |       ^^^^^^^^ doesn't have a size known at compile-time
    |
    = help: the trait `std::marker::Sized` is not implemented for `[u8]`
    = note: all local variables must have a statically known size

error[E0277]: the size for values of type `[u8]` cannot be known at compilation time
   --> crates/memfuse-text/src/inverted.rs:107:36
    |
107 | ...et Some(pl_bytes) = ...
    |       ^^^^^^^^^^^^^^ doesn't have a size known at compile-time
    |
    = help: the trait `std::marker::Sized` is not implemented for `[u8]`
note: required by a bound in `std::prelude::v1::Some`
   --> /home/freddy/.rustup/toolchains/nightly-x86_64-unknown-linux-gnu/lib/rustlib/src/rust/library/core/src/option.rs:600:17
    |
600 | pub enum Option<T> {
    |                 ^ required by this bound in `std::prelude::v1::Some`
...
608 |     Some(#[stable(fe...
    |     ---- required by a bound in this tuple variant

error[E0277]: the size for values of type `[u8]` cannot be known at compilation time
   --> crates/memfuse-text/src/inverted.rs:107:53
    |
107 | ... = self.storage.get(&pl_key).await? {
    |       ^^^^^^^^^^^^^^^^^^^^^^^^^^^^^^^^ doesn't have...le-time
    |
    = help: the trait `std::marker::Sized` is not implemented for `[u8]`
note: required by an implicit `Sized` bound in `std::option::Option`
   --> /home/freddy/.rustup/toolchains/nightly-x86_64-unknown-linux-gnu/lib/rustlib/src/rust/library/core/src/option.rs:600:17
    |
600 | ...on<T> {
    |       ^ required by the implicit `Sized` requirement on this type parameter in `Option`

error[E0038]: the trait `memfuse_core::StorageEngine` is not dyn compatible
   --> crates/memfuse-text/src/inverted.rs:113:41
    |
113 | ...   self.storage.delete(tx, &pl_key).aw...
    |       ^^^^^^^^^^^^^^^^^^^^^^^^^^^^^^^^ ...Engine` is not dyn compatible
    |
note: for a trait to be dyn compatible it needs to allow building a vtable
      for more information, visit <https://doc.rust-lang.org/reference/items/traits.html#dyn-compatibility>
   --> crates/memfuse-core/src/traits.rs:61:14
    |
 61 | ...fn get(&self, key: &[u...
    |       ^^^ the trait is not dyn compatible because method `get` is `async`
...
 64 | ...fn get_at_seq(&self, k...
    |       ^^^^^^^^^^ the trait is not dyn compatible because method `get_at_seq` is `async`
...
 70 | ...fn put(&self, tx_id: T...
    |       ^^^ the trait is not dyn compatible because method `put` is `async`
...
 73 | ...fn delete(&self, tx_id...
    |       ^^^^^^ the trait is not dyn compatible because method `delete` is `async`
...
 76 | ...fn commit(&self, tx_id...
    |       ^^^^^^ the trait is not dyn compatible because method `commit` is `async`
...
 79 | ...fn rollback(&self, tx_...
    |       ^^^^^^^^ the trait is not dyn compatible because method `rollback` is `async`
...
 82 | ...fn flush(&self) -> Res...
    |       ^^^^^ the trait is not dyn compatible because method `flush` is `async`
...
 85 | ...fn stats(&self) -> Res...
    |       ^^^^^ the trait is not dyn compatible because method `stats` is `async`
...
 88 | ...fn last_seq_no(&self) ...
    |       ^^^^^^^^^^^ the trait is not dyn compatible because method `last_seq_no` is `async`
...
 93 | ...fn pin_checkpoint(&sel...
    |       ^^^^^^^^^^^^^^ the trait is not dyn compatible because method `pin_checkpoint` is `async`
...
 98 | ...fn unpin_checkpoint(&s...
    |       ^^^^^^^^^^^^^^^^ the trait is not dyn compatible because method `unpin_checkpoint` is `async`
...
103 | ...fn scan_prefix(&self, ...
    |       ^^^^^^^^^^^ the trait is not dyn compatible because method `scan_prefix` is `async`
...
109 | ...fn scan(
    |       ^^^^ the trait is not dyn compatible because method `scan` is `async`

For more information about this error, try `rustc --explain E0195`.
error[E0038]: the trait `memfuse_core::StorageEngine` is not dyn compatible
   --> crates/memfuse-text/src/inverted.rs:119:41
    |
119 | ...   self.storage.put(tx, &pl_key, &new_pl_bytes).aw...
    |       ^^^^^^^^^^^^^^^^^^^^^^^^^^^^^^^^^...Engine` is not dyn compatible
    |
note: for a trait to be dyn compatible it needs to allow building a vtable
      for more information, visit <https://doc.rust-lang.org/reference/items/traits.html#dyn-compatibility>
   --> crates/memfuse-core/src/traits.rs:61:14
    |
 61 | ...fn get(&self, key: &[u...
    |       ^^^ the trait is not dyn compatible because method `get` is `async`
...
 64 | ...fn get_at_seq(&self, k...
    |       ^^^^^^^^^^ the trait is not dyn compatible because method `get_at_seq` is `async`
...
 70 | ...fn put(&self, tx_id: T...
    |       ^^^ the trait is not dyn compatible because method `put` is `async`
...
 73 | ...fn delete(&self, tx_id...
    |       ^^^^^^ the trait is not dyn compatible because method `delete` is `async`
...
 76 | ...fn commit(&self, tx_id...
    |       ^^^^^^ the trait is not dyn compatible because method `commit` is `async`
...
 79 | ...fn rollback(&self, tx_...
    |       ^^^^^^^^ the trait is not dyn compatible because method `rollback` is `async`
...
 82 | ...fn flush(&self) -> Res...
    |       ^^^^^ the trait is not dyn compatible because method `flush` is `async`
...
 85 | ...fn stats(&self) -> Res...
    |       ^^^^^ the trait is not dyn compatible because method `stats` is `async`
...
 88 | ...fn last_seq_no(&self) ...
    |       ^^^^^^^^^^^ the trait is not dyn compatible because method `last_seq_no` is `async`
...
 93 | ...fn pin_checkpoint(&sel...
    |       ^^^^^^^^^^^^^^ the trait is not dyn compatible because method `pin_checkpoint` is `async`
...
 98 | ...fn unpin_checkpoint(&s...
    |       ^^^^^^^^^^^^^^^^ the trait is not dyn compatible because method `unpin_checkpoint` is `async`
...
103 | ...fn scan_prefix(&self, ...
    |       ^^^^^^^^^^^ the trait is not dyn compatible because method `scan_prefix` is `async`
...
109 | ...fn scan(
    |       ^^^^ the trait is not dyn compatible because method `scan` is `async`

Some errors have detailed explanations: E0038, E0277.
For more information about an error, try `rustc --explain E0038`.
error[E0038]: the trait `memfuse_core::StorageEngine` is not dyn compatible
   --> crates/memfuse-text/src/inverted.rs:130:9
    |
130 | / ...   self.storage
131 | | ...       .put(tx, &dl_key, &new_len.to_le_bytes())
    | |___________________________________________________^ `memfuse_core::StorageEngine` is not dyn compatible
    |
note: for a trait to be dyn compatible it needs to allow building a vtable
      for more information, visit <https://doc.rust-lang.org/reference/items/traits.html#dyn-compatibility>
   --> crates/memfuse-core/src/traits.rs:61:14
    |
 61 | ...fn get(&self, key: &[u...
    |       ^^^ the trait is not dyn compatible because method `get` is `async`
...
 64 | ...fn get_at_seq(&self, k...
    |       ^^^^^^^^^^ the trait is not dyn compatible because method `get_at_seq` is `async`
...
 70 | ...fn put(&self, tx_id: T...
    |       ^^^ the trait is not dyn compatible because method `put` is `async`
...
 73 | ...fn delete(&self, tx_id...
    |       ^^^^^^ the trait is not dyn compatible because method `delete` is `async`
...
 76 | ...fn commit(&self, tx_id...
    |       ^^^^^^ the trait is not dyn compatible because method `commit` is `async`
...
 79 | ...fn rollback(&self, tx_...
    |       ^^^^^^^^ the trait is not dyn compatible because method `rollback` is `async`
...
 82 | ...fn flush(&self) -> Res...
    |       ^^^^^ the trait is not dyn compatible because method `flush` is `async`
...
 85 | ...fn stats(&self) -> Res...
    |       ^^^^^ the trait is not dyn compatible because method `stats` is `async`
...
 88 | ...fn last_seq_no(&self) ...
    |       ^^^^^^^^^^^ the trait is not dyn compatible because method `last_seq_no` is `async`
...
 93 | ...fn pin_checkpoint(&sel...
    |       ^^^^^^^^^^^^^^ the trait is not dyn compatible because method `pin_checkpoint` is `async`
...
 98 | ...fn unpin_checkpoint(&s...
    |       ^^^^^^^^^^^^^^^^ the trait is not dyn compatible because method `unpin_checkpoint` is `async`
...
103 | ...fn scan_prefix(&self, ...
    |       ^^^^^^^^^^^ the trait is not dyn compatible because method `scan_prefix` is `async`
...
109 | ...fn scan(
    |       ^^^^ the trait is not dyn compatible because method `scan` is `async`

error: could not compile `memfuse-graph` (lib) due to 6 previous errors
warning: build failed, waiting for other jobs to finish...
error[E0038]: the trait `memfuse_core::StorageEngine` is not dyn compatible
   --> crates/memfuse-text/src/inverted.rs:141:9
    |
141 | ...   s...fw_bytes).aw...
    |       ^...^^^^^^^^^ `memfuse_core::StorageEngine` is not dyn compatible
    |
note: for a trait to be dyn compatible it needs to allow building a vtable
      for more information, visit <https://doc.rust-lang.org/reference/items/traits.html#dyn-compatibility>
   --> crates/memfuse-core/src/traits.rs:61:14
    |
 61 | ...fn get(&self, key: &[u...
    |       ^^^ the trait is not dyn compatible because method `get` is `async`
...
 64 | ...fn get_at_seq(&self, k...
    |       ^^^^^^^^^^ the trait is not dyn compatible because method `get_at_seq` is `async`
...
 70 | ...fn put(&self, tx_id: T...
    |       ^^^ the trait is not dyn compatible because method `put` is `async`
...
 73 | ...fn delete(&self, tx_id...
    |       ^^^^^^ the trait is not dyn compatible because method `delete` is `async`
...
 76 | ...fn commit(&self, tx_id...
    |       ^^^^^^ the trait is not dyn compatible because method `commit` is `async`
...
 79 | ...fn rollback(&self, tx_...
    |       ^^^^^^^^ the trait is not dyn compatible because method `rollback` is `async`
...
 82 | ...fn flush(&self) -> Res...
    |       ^^^^^ the trait is not dyn compatible because method `flush` is `async`
...
 85 | ...fn stats(&self) -> Res...
    |       ^^^^^ the trait is not dyn compatible because method `stats` is `async`
...
 88 | ...fn last_seq_no(&self) ...
    |       ^^^^^^^^^^^ the trait is not dyn compatible because method `last_seq_no` is `async`
...
 93 | ...fn pin_checkpoint(&sel...
    |       ^^^^^^^^^^^^^^ the trait is not dyn compatible because method `pin_checkpoint` is `async`
...
 98 | ...fn unpin_checkpoint(&s...
    |       ^^^^^^^^^^^^^^^^ the trait is not dyn compatible because method `unpin_checkpoint` is `async`
...
103 | ...fn scan_prefix(&self, ...
    |       ^^^^^^^^^^^ the trait is not dyn compatible because method `scan_prefix` is `async`
...
109 | ...fn scan(
    |       ^^^^ the trait is not dyn compatible because method `scan` is `async`

error[E0038]: the trait `memfuse_core::StorageEngine` is not dyn compatible
   --> crates/memfuse-text/src/inverted.rs:146:30
    |
146 | ... = self.storage.get(&total_tok_key).aw...
    |       ^^^^^^^^^^^^^^^^^^^^^^...re::StorageEngine` is not dyn compatible
    |
note: for a trait to be dyn compatible it needs to allow building a vtable
      for more information, visit <https://doc.rust-lang.org/reference/items/traits.html#dyn-compatibility>
   --> crates/memfuse-core/src/traits.rs:61:14
    |
 61 | ...fn get(&self, key: &[u...
    |       ^^^ the trait is not dyn compatible because method `get` is `async`
...
 64 | ...fn get_at_seq(&self, k...
    |       ^^^^^^^^^^ the trait is not dyn compatible because method `get_at_seq` is `async`
...
 70 | ...fn put(&self, tx_id: T...
    |       ^^^ the trait is not dyn compatible because method `put` is `async`
...
 73 | ...fn delete(&self, tx_id...
    |       ^^^^^^ the trait is not dyn compatible because method `delete` is `async`
...
 76 | ...fn commit(&self, tx_id...
    |       ^^^^^^ the trait is not dyn compatible because method `commit` is `async`
...
 79 | ...fn rollback(&self, tx_...
    |       ^^^^^^^^ the trait is not dyn compatible because method `rollback` is `async`
...
 82 | ...fn flush(&self) -> Res...
    |       ^^^^^ the trait is not dyn compatible because method `flush` is `async`
...
 85 | ...fn stats(&self) -> Res...
    |       ^^^^^ the trait is not dyn compatible because method `stats` is `async`
...
 88 | ...fn last_seq_no(&self) ...
    |       ^^^^^^^^^^^ the trait is not dyn compatible because method `last_seq_no` is `async`
...
 93 | ...fn pin_checkpoint(&sel...
    |       ^^^^^^^^^^^^^^ the trait is not dyn compatible because method `pin_checkpoint` is `async`
...
 98 | ...fn unpin_checkpoint(&s...
    |       ^^^^^^^^^^^^^^^^ the trait is not dyn compatible because method `unpin_checkpoint` is `async`
...
103 | ...fn scan_prefix(&self, ...
    |       ^^^^^^^^^^^ the trait is not dyn compatible because method `scan_prefix` is `async`
...
109 | ...fn scan(
    |       ^^^^ the trait is not dyn compatible because method `scan` is `async`

error[E0038]: the trait `memfuse_core::StorageEngine` is not dyn compatible
   --> crates/memfuse-text/src/inverted.rs:157:9
    |
157 | / ...   self.storage
158 | | ...       .put(tx, &total_tok_key, &total_tokens.to_le_bytes())
    | |_______________________________________________________________^ `memfuse_core::StorageEngine` is not dyn compatible
    |
note: for a trait to be dyn compatible it needs to allow building a vtable
      for more information, visit <https://doc.rust-lang.org/reference/items/traits.html#dyn-compatibility>
   --> crates/memfuse-core/src/traits.rs:61:14
    |
 61 | ...fn get(&self, key: &[u...
    |       ^^^ the trait is not dyn compatible because method `get` is `async`
...
 64 | ...fn get_at_seq(&self, k...
    |       ^^^^^^^^^^ the trait is not dyn compatible because method `get_at_seq` is `async`
...
 70 | ...fn put(&self, tx_id: T...
    |       ^^^ the trait is not dyn compatible because method `put` is `async`
...
 73 | ...fn delete(&self, tx_id...
    |       ^^^^^^ the trait is not dyn compatible because method `delete` is `async`
...
 76 | ...fn commit(&self, tx_id...
    |       ^^^^^^ the trait is not dyn compatible because method `commit` is `async`
...
 79 | ...fn rollback(&self, tx_...
    |       ^^^^^^^^ the trait is not dyn compatible because method `rollback` is `async`
...
 82 | ...fn flush(&self) -> Res...
    |       ^^^^^ the trait is not dyn compatible because method `flush` is `async`
...
 85 | ...fn stats(&self) -> Res...
    |       ^^^^^ the trait is not dyn compatible because method `stats` is `async`
...
 88 | ...fn last_seq_no(&self) ...
    |       ^^^^^^^^^^^ the trait is not dyn compatible because method `last_seq_no` is `async`
...
 93 | ...fn pin_checkpoint(&sel...
    |       ^^^^^^^^^^^^^^ the trait is not dyn compatible because method `pin_checkpoint` is `async`
...
 98 | ...fn unpin_checkpoint(&s...
    |       ^^^^^^^^^^^^^^^^ the trait is not dyn compatible because method `unpin_checkpoint` is `async`
...
103 | ...fn scan_prefix(&self, ...
    |       ^^^^^^^^^^^ the trait is not dyn compatible because method `scan_prefix` is `async`
...
109 | ...fn scan(
    |       ^^^^ the trait is not dyn compatible because method `scan` is `async`

error[E0038]: the trait `memfuse_core::StorageEngine` is not dyn compatible
   --> crates/memfuse-text/src/inverted.rs:164:30
    |
164 | ... = self.storage.get(&total_docs_key).aw...
    |       ^^^^^^^^^^^^^^^^^^^^^^...re::StorageEngine` is not dyn compatible
    |
note: for a trait to be dyn compatible it needs to allow building a vtable
      for more information, visit <https://doc.rust-lang.org/reference/items/traits.html#dyn-compatibility>
   --> crates/memfuse-core/src/traits.rs:61:14
    |
 61 | ...fn get(&self, key: &[u...
    |       ^^^ the trait is not dyn compatible because method `get` is `async`
...
 64 | ...fn get_at_seq(&self, k...
    |       ^^^^^^^^^^ the trait is not dyn compatible because method `get_at_seq` is `async`
...
 70 | ...fn put(&self, tx_id: T...
    |       ^^^ the trait is not dyn compatible because method `put` is `async`
...
 73 | ...fn delete(&self, tx_id...
    |       ^^^^^^ the trait is not dyn compatible because method `delete` is `async`
...
 76 | ...fn commit(&self, tx_id...
    |       ^^^^^^ the trait is not dyn compatible because method `commit` is `async`
...
 79 | ...fn rollback(&self, tx_...
    |       ^^^^^^^^ the trait is not dyn compatible because method `rollback` is `async`
...
 82 | ...fn flush(&self) -> Res...
    |       ^^^^^ the trait is not dyn compatible because method `flush` is `async`
...
 85 | ...fn stats(&self) -> Res...
    |       ^^^^^ the trait is not dyn compatible because method `stats` is `async`
...
 88 | ...fn last_seq_no(&self) ...
    |       ^^^^^^^^^^^ the trait is not dyn compatible because method `last_seq_no` is `async`
...
 93 | ...fn pin_checkpoint(&sel...
    |       ^^^^^^^^^^^^^^ the trait is not dyn compatible because method `pin_checkpoint` is `async`
...
 98 | ...fn unpin_checkpoint(&s...
    |       ^^^^^^^^^^^^^^^^ the trait is not dyn compatible because method `unpin_checkpoint` is `async`
...
103 | ...fn scan_prefix(&self, ...
    |       ^^^^^^^^^^^ the trait is not dyn compatible because method `scan_prefix` is `async`
...
109 | ...fn scan(
    |       ^^^^ the trait is not dyn compatible because method `scan` is `async`

error: could not compile `memfuse-checkpoint` (lib) due to 12 previous errors
error[E0038]: the trait `memfuse_core::StorageEngine` is not dyn compatible
   --> crates/memfuse-text/src/inverted.rs:177:13
    |
177 | / ...   self.storage
178 | | ...       .put(tx, &total_docs_key, &total_docs.to_le_bytes())
    | |______________________________________________________________^ `memfuse_core::StorageEngine` is not dyn compatible
    |
note: for a trait to be dyn compatible it needs to allow building a vtable
      for more information, visit <https://doc.rust-lang.org/reference/items/traits.html#dyn-compatibility>
   --> crates/memfuse-core/src/traits.rs:61:14
    |
 61 | ...fn get(&self, key: &[u...
    |       ^^^ the trait is not dyn compatible because method `get` is `async`
...
 64 | ...fn get_at_seq(&self, k...
    |       ^^^^^^^^^^ the trait is not dyn compatible because method `get_at_seq` is `async`
...
 70 | ...fn put(&self, tx_id: T...
    |       ^^^ the trait is not dyn compatible because method `put` is `async`
...
 73 | ...fn delete(&self, tx_id...
    |       ^^^^^^ the trait is not dyn compatible because method `delete` is `async`
...
 76 | ...fn commit(&self, tx_id...
    |       ^^^^^^ the trait is not dyn compatible because method `commit` is `async`
...
 79 | ...fn rollback(&self, tx_...
    |       ^^^^^^^^ the trait is not dyn compatible because method `rollback` is `async`
...
 82 | ...fn flush(&self) -> Res...
    |       ^^^^^ the trait is not dyn compatible because method `flush` is `async`
...
 85 | ...fn stats(&self) -> Res...
    |       ^^^^^ the trait is not dyn compatible because method `stats` is `async`
...
 88 | ...fn last_seq_no(&self) ...
    |       ^^^^^^^^^^^ the trait is not dyn compatible because method `last_seq_no` is `async`
...
 93 | ...fn pin_checkpoint(&sel...
    |       ^^^^^^^^^^^^^^ the trait is not dyn compatible because method `pin_checkpoint` is `async`
...
 98 | ...fn unpin_checkpoint(&s...
    |       ^^^^^^^^^^^^^^^^ the trait is not dyn compatible because method `unpin_checkpoint` is `async`
...
103 | ...fn scan_prefix(&self, ...
    |       ^^^^^^^^^^^ the trait is not dyn compatible because method `scan_prefix` is `async`
...
109 | ...fn scan(
    |       ^^^^ the trait is not dyn compatible because method `scan` is `async`

error[E0038]: the trait `memfuse_core::StorageEngine` is not dyn compatible
   --> crates/memfuse-text/src/inverted.rs:187:34
    |
187 | ... = self.storage.get(&pl_key).aw...
    |       ^^^^^^^^^^^^^^^^^^^^^^^^^ `memfuse_core::StorageEngine` is not dyn compatible
    |
note: for a trait to be dyn compatible it needs to allow building a vtable
      for more information, visit <https://doc.rust-lang.org/reference/items/traits.html#dyn-compatibility>
   --> crates/memfuse-core/src/traits.rs:61:14
    |
 61 | ...fn get(&self, key: &[u...
    |       ^^^ the trait is not dyn compatible because method `get` is `async`
...
 64 | ...fn get_at_seq(&self, k...
    |       ^^^^^^^^^^ the trait is not dyn compatible because method `get_at_seq` is `async`
...
 70 | ...fn put(&self, tx_id: T...
    |       ^^^ the trait is not dyn compatible because method `put` is `async`
...
 73 | ...fn delete(&self, tx_id...
    |       ^^^^^^ the trait is not dyn compatible because method `delete` is `async`
...
 76 | ...fn commit(&self, tx_id...
    |       ^^^^^^ the trait is not dyn compatible because method `commit` is `async`
...
 79 | ...fn rollback(&self, tx_...
    |       ^^^^^^^^ the trait is not dyn compatible because method `rollback` is `async`
...
 82 | ...fn flush(&self) -> Res...
    |       ^^^^^ the trait is not dyn compatible because method `flush` is `async`
...
 85 | ...fn stats(&self) -> Res...
    |       ^^^^^ the trait is not dyn compatible because method `stats` is `async`
...
 88 | ...fn last_seq_no(&self) ...
    |       ^^^^^^^^^^^ the trait is not dyn compatible because method `last_seq_no` is `async`
...
 93 | ...fn pin_checkpoint(&sel...
    |       ^^^^^^^^^^^^^^ the trait is not dyn compatible because method `pin_checkpoint` is `async`
...
 98 | ...fn unpin_checkpoint(&s...
    |       ^^^^^^^^^^^^^^^^ the trait is not dyn compatible because method `unpin_checkpoint` is `async`
...
103 | ...fn scan_prefix(&self, ...
    |       ^^^^^^^^^^^ the trait is not dyn compatible because method `scan_prefix` is `async`
...
109 | ...fn scan(
    |       ^^^^ the trait is not dyn compatible because method `scan` is `async`

error[E0277]: the size for values of type `[u8]` cannot be known at compilation time
   --> crates/memfuse-text/src/inverted.rs:187:25
    |
187 | ...me(bytes) =...
    |       ^^^^^ doesn't have a size known at compile-time
    |
    = help: the trait `std::marker::Sized` is not implemented for `[u8]`
    = note: all local variables must have a statically known size

error[E0277]: the size for values of type `[u8]` cannot be known at compilation time
   --> crates/memfuse-text/src/inverted.rs:187:20
    |
187 | ...et Some(bytes) = ...
    |       ^^^^^^^^^^^ doesn't have a size known at compile-time
    |
    = help: the trait `std::marker::Sized` is not implemented for `[u8]`
note: required by a bound in `std::prelude::v1::Some`
   --> /home/freddy/.rustup/toolchains/nightly-x86_64-unknown-linux-gnu/lib/rustlib/src/rust/library/core/src/option.rs:600:17
    |
600 | pub enum Option<T> {
    |                 ^ required by this bound in `std::prelude::v1::Some`
...
608 |     Some(#[stable(fe...
    |     ---- required by a bound in this tuple variant

error[E0277]: the size for values of type `[u8]` cannot be known at compilation time
   --> crates/memfuse-text/src/inverted.rs:187:34
    |
187 | ... = self.storage.get(&pl_key).await? {
    |       ^^^^^^^^^^^^^^^^^^^^^^^^^^...size known at compile-time
    |
    = help: the trait `std::marker::Sized` is not implemented for `[u8]`
note: required by an implicit `Sized` bound in `std::option::Option`
   --> /home/freddy/.rustup/toolchains/nightly-x86_64-unknown-linux-gnu/lib/rustlib/src/rust/library/core/src/option.rs:600:17
    |
600 | ...on<T> {
    |       ^ required by the implicit `Sized` requirement on this type parameter in `Option`

error[E0038]: the trait `memfuse_core::StorageEngine` is not dyn compatible
   --> crates/memfuse-text/src/inverted.rs:199:13
    |
199 | ...   self....ytes).aw...
    |       ^^^^^...^^^^^ `memfuse_core::StorageEngine` is not dyn compatible
    |
note: for a trait to be dyn compatible it needs to allow building a vtable
      for more information, visit <https://doc.rust-lang.org/reference/items/traits.html#dyn-compatibility>
   --> crates/memfuse-core/src/traits.rs:61:14
    |
 61 | ...fn get(&self, key: &[u...
    |       ^^^ the trait is not dyn compatible because method `get` is `async`
...
 64 | ...fn get_at_seq(&self, k...
    |       ^^^^^^^^^^ the trait is not dyn compatible because method `get_at_seq` is `async`
...
 70 | ...fn put(&self, tx_id: T...
    |       ^^^ the trait is not dyn compatible because method `put` is `async`
...
 73 | ...fn delete(&self, tx_id...
    |       ^^^^^^ the trait is not dyn compatible because method `delete` is `async`
...
 76 | ...fn commit(&self, tx_id...
    |       ^^^^^^ the trait is not dyn compatible because method `commit` is `async`
...
 79 | ...fn rollback(&self, tx_...
    |       ^^^^^^^^ the trait is not dyn compatible because method `rollback` is `async`
...
 82 | ...fn flush(&self) -> Res...
    |       ^^^^^ the trait is not dyn compatible because method `flush` is `async`
...
 85 | ...fn stats(&self) -> Res...
    |       ^^^^^ the trait is not dyn compatible because method `stats` is `async`
...
 88 | ...fn last_seq_no(&self) ...
    |       ^^^^^^^^^^^ the trait is not dyn compatible because method `last_seq_no` is `async`
...
 93 | ...fn pin_checkpoint(&sel...
    |       ^^^^^^^^^^^^^^ the trait is not dyn compatible because method `pin_checkpoint` is `async`
...
 98 | ...fn unpin_checkpoint(&s...
    |       ^^^^^^^^^^^^^^^^ the trait is not dyn compatible because method `unpin_checkpoint` is `async`
...
103 | ...fn scan_prefix(&self, ...
    |       ^^^^^^^^^^^ the trait is not dyn compatible because method `scan_prefix` is `async`
...
109 | ...fn scan(
    |       ^^^^ the trait is not dyn compatible because method `scan` is `async`

error[E0038]: the trait `memfuse_core::StorageEngine` is not dyn compatible
   --> crates/memfuse-text/src/inverted.rs:211:30
    |
211 | ... = self.storage.get(&dl_key).aw...
    |       ^^^^^^^^^^^^^^^^^^^^^^^^^ `memfuse_core::StorageEngine` is not dyn compatible
    |
note: for a trait to be dyn compatible it needs to allow building a vtable
      for more information, visit <https://doc.rust-lang.org/reference/items/traits.html#dyn-compatibility>
   --> crates/memfuse-core/src/traits.rs:61:14
    |
 61 | ...fn get(&self, key: &[u...
    |       ^^^ the trait is not dyn compatible because method `get` is `async`
...
 64 | ...fn get_at_seq(&self, k...
    |       ^^^^^^^^^^ the trait is not dyn compatible because method `get_at_seq` is `async`
...
 70 | ...fn put(&self, tx_id: T...
    |       ^^^ the trait is not dyn compatible because method `put` is `async`
...
 73 | ...fn delete(&self, tx_id...
    |       ^^^^^^ the trait is not dyn compatible because method `delete` is `async`
...
 76 | ...fn commit(&self, tx_id...
    |       ^^^^^^ the trait is not dyn compatible because method `commit` is `async`
...
 79 | ...fn rollback(&self, tx_...
    |       ^^^^^^^^ the trait is not dyn compatible because method `rollback` is `async`
...
 82 | ...fn flush(&self) -> Res...
    |       ^^^^^ the trait is not dyn compatible because method `flush` is `async`
...
 85 | ...fn stats(&self) -> Res...
    |       ^^^^^ the trait is not dyn compatible because method `stats` is `async`
...
 88 | ...fn last_seq_no(&self) ...
    |       ^^^^^^^^^^^ the trait is not dyn compatible because method `last_seq_no` is `async`
...
 93 | ...fn pin_checkpoint(&sel...
    |       ^^^^^^^^^^^^^^ the trait is not dyn compatible because method `pin_checkpoint` is `async`
...
 98 | ...fn unpin_checkpoint(&s...
    |       ^^^^^^^^^^^^^^^^ the trait is not dyn compatible because method `unpin_checkpoint` is `async`
...
103 | ...fn scan_prefix(&self, ...
    |       ^^^^^^^^^^^ the trait is not dyn compatible because method `scan_prefix` is `async`
...
109 | ...fn scan(
    |       ^^^^ the trait is not dyn compatible because method `scan` is `async`

error[E0038]: the trait `memfuse_core::StorageEngine` is not dyn compatible
   --> crates/memfuse-text/src/inverted.rs:225:9
    |
225 | ...   s... &dl_key).aw...
    |       ^...^^^^^^^^^ `memfuse_core::StorageEngine` is not dyn compatible
    |
note: for a trait to be dyn compatible it needs to allow building a vtable
      for more information, visit <https://doc.rust-lang.org/reference/items/traits.html#dyn-compatibility>
   --> crates/memfuse-core/src/traits.rs:61:14
    |
 61 | ...fn get(&self, key: &[u...
    |       ^^^ the trait is not dyn compatible because method `get` is `async`
...
 64 | ...fn get_at_seq(&self, k...
    |       ^^^^^^^^^^ the trait is not dyn compatible because method `get_at_seq` is `async`
...
 70 | ...fn put(&self, tx_id: T...
    |       ^^^ the trait is not dyn compatible because method `put` is `async`
...
 73 | ...fn delete(&self, tx_id...
    |       ^^^^^^ the trait is not dyn compatible because method `delete` is `async`
...
 76 | ...fn commit(&self, tx_id...
    |       ^^^^^^ the trait is not dyn compatible because method `commit` is `async`
...
 79 | ...fn rollback(&self, tx_...
    |       ^^^^^^^^ the trait is not dyn compatible because method `rollback` is `async`
...
 82 | ...fn flush(&self) -> Res...
    |       ^^^^^ the trait is not dyn compatible because method `flush` is `async`
...
 85 | ...fn stats(&self) -> Res...
    |       ^^^^^ the trait is not dyn compatible because method `stats` is `async`
...
 88 | ...fn last_seq_no(&self) ...
    |       ^^^^^^^^^^^ the trait is not dyn compatible because method `last_seq_no` is `async`
...
 93 | ...fn pin_checkpoint(&sel...
    |       ^^^^^^^^^^^^^^ the trait is not dyn compatible because method `pin_checkpoint` is `async`
...
 98 | ...fn unpin_checkpoint(&s...
    |       ^^^^^^^^^^^^^^^^ the trait is not dyn compatible because method `unpin_checkpoint` is `async`
...
103 | ...fn scan_prefix(&self, ...
    |       ^^^^^^^^^^^ the trait is not dyn compatible because method `scan_prefix` is `async`
...
109 | ...fn scan(
    |       ^^^^ the trait is not dyn compatible because method `scan` is `async`

error[E0038]: the trait `memfuse_core::StorageEngine` is not dyn compatible
   --> crates/memfuse-text/src/inverted.rs:228:33
    |
228 | ... = self.storage.get(&fw_key).aw...
    |       ^^^^^^^^^^^^^^^^^^^^^^^^^ `memfuse_core::StorageEngine` is not dyn compatible
    |
note: for a trait to be dyn compatible it needs to allow building a vtable
      for more information, visit <https://doc.rust-lang.org/reference/items/traits.html#dyn-compatibility>
   --> crates/memfuse-core/src/traits.rs:61:14
    |
 61 | ...fn get(&self, key: &[u...
    |       ^^^ the trait is not dyn compatible because method `get` is `async`
...
 64 | ...fn get_at_seq(&self, k...
    |       ^^^^^^^^^^ the trait is not dyn compatible because method `get_at_seq` is `async`
...
 70 | ...fn put(&self, tx_id: T...
    |       ^^^ the trait is not dyn compatible because method `put` is `async`
...
 73 | ...fn delete(&self, tx_id...
    |       ^^^^^^ the trait is not dyn compatible because method `delete` is `async`
...
 76 | ...fn commit(&self, tx_id...
    |       ^^^^^^ the trait is not dyn compatible because method `commit` is `async`
...
 79 | ...fn rollback(&self, tx_...
    |       ^^^^^^^^ the trait is not dyn compatible because method `rollback` is `async`
...
 82 | ...fn flush(&self) -> Res...
    |       ^^^^^ the trait is not dyn compatible because method `flush` is `async`
...
 85 | ...fn stats(&self) -> Res...
    |       ^^^^^ the trait is not dyn compatible because method `stats` is `async`
...
 88 | ...fn last_seq_no(&self) ...
    |       ^^^^^^^^^^^ the trait is not dyn compatible because method `last_seq_no` is `async`
...
 93 | ...fn pin_checkpoint(&sel...
    |       ^^^^^^^^^^^^^^ the trait is not dyn compatible because method `pin_checkpoint` is `async`
...
 98 | ...fn unpin_checkpoint(&s...
    |       ^^^^^^^^^^^^^^^^ the trait is not dyn compatible because method `unpin_checkpoint` is `async`
...
103 | ...fn scan_prefix(&self, ...
    |       ^^^^^^^^^^^ the trait is not dyn compatible because method `scan_prefix` is `async`
...
109 | ...fn scan(
    |       ^^^^ the trait is not dyn compatible because method `scan` is `async`

error[E0277]: the size for values of type `[u8]` cannot be known at compilation time
   --> crates/memfuse-text/src/inverted.rs:228:21
    |
228 | ...me(fw_bytes) =...
    |       ^^^^^^^^ doesn't have a size known at compile-time
    |
    = help: the trait `std::marker::Sized` is not implemented for `[u8]`
    = note: all local variables must have a statically known size

error[E0277]: the size for values of type `[u8]` cannot be known at compilation time
   --> crates/memfuse-text/src/inverted.rs:228:16
    |
228 | ...et Some(fw_bytes) = ...
    |       ^^^^^^^^^^^^^^ doesn't have a size known at compile-time
    |
    = help: the trait `std::marker::Sized` is not implemented for `[u8]`
note: required by a bound in `std::prelude::v1::Some`
   --> /home/freddy/.rustup/toolchains/nightly-x86_64-unknown-linux-gnu/lib/rustlib/src/rust/library/core/src/option.rs:600:17
    |
600 | pub enum Option<T> {
    |                 ^ required by this bound in `std::prelude::v1::Some`
...
608 |     Some(#[stable(fe...
    |     ---- required by a bound in this tuple variant

error[E0277]: the size for values of type `[u8]` cannot be known at compilation time
   --> crates/memfuse-text/src/inverted.rs:228:33
    |
228 | ... = self.storage.get(&fw_key).await? {
    |       ^^^^^^^^^^^^^^^^^^^^^^^^^... size known at compile-time
    |
    = help: the trait `std::marker::Sized` is not implemented for `[u8]`
note: required by an implicit `Sized` bound in `std::option::Option`
   --> /home/freddy/.rustup/toolchains/nightly-x86_64-unknown-linux-gnu/lib/rustlib/src/rust/library/core/src/option.rs:600:17
    |
600 | ...on<T> {
    |       ^ required by the implicit `Sized` requirement on this type parameter in `Option`

error[E0038]: the trait `memfuse_core::StorageEngine` is not dyn compatible
   --> crates/memfuse-text/src/inverted.rs:232:45
    |
232 | ... = self.storage.get(&pl_key).aw...
    |       ^^^^^^^^^^^^^^^^^^^^^^^^^ `memfuse_core::StorageEngine` is not dyn compatible
    |
note: for a trait to be dyn compatible it needs to allow building a vtable
      for more information, visit <https://doc.rust-lang.org/reference/items/traits.html#dyn-compatibility>
   --> crates/memfuse-core/src/traits.rs:61:14
    |
 61 | ...fn get(&self, key: &[u...
    |       ^^^ the trait is not dyn compatible because method `get` is `async`
...
 64 | ...fn get_at_seq(&self, k...
    |       ^^^^^^^^^^ the trait is not dyn compatible because method `get_at_seq` is `async`
...
 70 | ...fn put(&self, tx_id: T...
    |       ^^^ the trait is not dyn compatible because method `put` is `async`
...
 73 | ...fn delete(&self, tx_id...
    |       ^^^^^^ the trait is not dyn compatible because method `delete` is `async`
...
 76 | ...fn commit(&self, tx_id...
    |       ^^^^^^ the trait is not dyn compatible because method `commit` is `async`
...
 79 | ...fn rollback(&self, tx_...
    |       ^^^^^^^^ the trait is not dyn compatible because method `rollback` is `async`
...
 82 | ...fn flush(&self) -> Res...
    |       ^^^^^ the trait is not dyn compatible because method `flush` is `async`
...
 85 | ...fn stats(&self) -> Res...
    |       ^^^^^ the trait is not dyn compatible because method `stats` is `async`
...
 88 | ...fn last_seq_no(&self) ...
    |       ^^^^^^^^^^^ the trait is not dyn compatible because method `last_seq_no` is `async`
...
 93 | ...fn pin_checkpoint(&sel...
    |       ^^^^^^^^^^^^^^ the trait is not dyn compatible because method `pin_checkpoint` is `async`
...
 98 | ...fn unpin_checkpoint(&s...
    |       ^^^^^^^^^^^^^^^^ the trait is not dyn compatible because method `unpin_checkpoint` is `async`
...
103 | ...fn scan_prefix(&self, ...
    |       ^^^^^^^^^^^ the trait is not dyn compatible because method `scan_prefix` is `async`
...
109 | ...fn scan(
    |       ^^^^ the trait is not dyn compatible because method `scan` is `async`

error[E0277]: the size for values of type `[u8]` cannot be known at compilation time
   --> crates/memfuse-text/src/inverted.rs:232:33
    |
232 | ...me(pl_bytes) =...
    |       ^^^^^^^^ doesn't have a size known at compile-time
    |
    = help: the trait `std::marker::Sized` is not implemented for `[u8]`
    = note: all local variables must have a statically known size

error[E0277]: the size for values of type `[u8]` cannot be known at compilation time
   --> crates/memfuse-text/src/inverted.rs:232:28
    |
232 | ...et Some(pl_bytes) = ...
    |       ^^^^^^^^^^^^^^ doesn't have a size known at compile-time
    |
    = help: the trait `std::marker::Sized` is not implemented for `[u8]`
note: required by a bound in `std::prelude::v1::Some`
   --> /home/freddy/.rustup/toolchains/nightly-x86_64-unknown-linux-gnu/lib/rustlib/src/rust/library/core/src/option.rs:600:17
    |
600 | pub enum Option<T> {
    |                 ^ required by this bound in `std::prelude::v1::Some`
...
608 |     Some(#[stable(fe...
    |     ---- required by a bound in this tuple variant

error[E0277]: the size for values of type `[u8]` cannot be known at compilation time
   --> crates/memfuse-text/src/inverted.rs:232:45
    |
232 | ... = self.storage.get(&pl_key).await? {
    |       ^^^^^^^^^^^^^^^^^^^^^^^^^^^^^^^^ does...at compile-time
    |
    = help: the trait `std::marker::Sized` is not implemented for `[u8]`
note: required by an implicit `Sized` bound in `std::option::Option`
   --> /home/freddy/.rustup/toolchains/nightly-x86_64-unknown-linux-gnu/lib/rustlib/src/rust/library/core/src/option.rs:600:17
    |
600 | ...on<T> {
    |       ^ required by the implicit `Sized` requirement on this type parameter in `Option`

error[E0038]: the trait `memfuse_core::StorageEngine` is not dyn compatible
   --> crates/memfuse-text/src/inverted.rs:236:33
    |
236 | ...   self.storage.delete(tx, &pl_key).aw...
    |       ^^^^^^^^^^^^^^^^^^^^^^^^^...:StorageEngine` is not dyn compatible
    |
note: for a trait to be dyn compatible it needs to allow building a vtable
      for more information, visit <https://doc.rust-lang.org/reference/items/traits.html#dyn-compatibility>
   --> crates/memfuse-core/src/traits.rs:61:14
    |
 61 | ...fn get(&self, key: &[u...
    |       ^^^ the trait is not dyn compatible because method `get` is `async`
...
 64 | ...fn get_at_seq(&self, k...
    |       ^^^^^^^^^^ the trait is not dyn compatible because method `get_at_seq` is `async`
...
 70 | ...fn put(&self, tx_id: T...
    |       ^^^ the trait is not dyn compatible because method `put` is `async`
...
 73 | ...fn delete(&self, tx_id...
    |       ^^^^^^ the trait is not dyn compatible because method `delete` is `async`
...
 76 | ...fn commit(&self, tx_id...
    |       ^^^^^^ the trait is not dyn compatible because method `commit` is `async`
...
 79 | ...fn rollback(&self, tx_...
    |       ^^^^^^^^ the trait is not dyn compatible because method `rollback` is `async`
...
 82 | ...fn flush(&self) -> Res...
    |       ^^^^^ the trait is not dyn compatible because method `flush` is `async`
...
 85 | ...fn stats(&self) -> Res...
    |       ^^^^^ the trait is not dyn compatible because method `stats` is `async`
...
 88 | ...fn last_seq_no(&self) ...
    |       ^^^^^^^^^^^ the trait is not dyn compatible because method `last_seq_no` is `async`
...
 93 | ...fn pin_checkpoint(&sel...
    |       ^^^^^^^^^^^^^^ the trait is not dyn compatible because method `pin_checkpoint` is `async`
...
 98 | ...fn unpin_checkpoint(&s...
    |       ^^^^^^^^^^^^^^^^ the trait is not dyn compatible because method `unpin_checkpoint` is `async`
...
103 | ...fn scan_prefix(&self, ...
    |       ^^^^^^^^^^^ the trait is not dyn compatible because method `scan_prefix` is `async`
...
109 | ...fn scan(
    |       ^^^^ the trait is not dyn compatible because method `scan` is `async`

error[E0038]: the trait `memfuse_core::StorageEngine` is not dyn compatible
   --> crates/memfuse-text/src/inverted.rs:241:33
    |
241 | ...   self.storage.put(tx, &pl_key, &new_pl_bytes).aw...
    |       ^^^^^^^^^^^^^^^^^^^^^^^^^...:StorageEngine` is not dyn compatible
    |
note: for a trait to be dyn compatible it needs to allow building a vtable
      for more information, visit <https://doc.rust-lang.org/reference/items/traits.html#dyn-compatibility>
   --> crates/memfuse-core/src/traits.rs:61:14
    |
 61 | ...fn get(&self, key: &[u...
    |       ^^^ the trait is not dyn compatible because method `get` is `async`
...
 64 | ...fn get_at_seq(&self, k...
    |       ^^^^^^^^^^ the trait is not dyn compatible because method `get_at_seq` is `async`
...
 70 | ...fn put(&self, tx_id: T...
    |       ^^^ the trait is not dyn compatible because method `put` is `async`
...
 73 | ...fn delete(&self, tx_id...
    |       ^^^^^^ the trait is not dyn compatible because method `delete` is `async`
...
 76 | ...fn commit(&self, tx_id...
    |       ^^^^^^ the trait is not dyn compatible because method `commit` is `async`
...
 79 | ...fn rollback(&self, tx_...
    |       ^^^^^^^^ the trait is not dyn compatible because method `rollback` is `async`
...
 82 | ...fn flush(&self) -> Res...
    |       ^^^^^ the trait is not dyn compatible because method `flush` is `async`
...
 85 | ...fn stats(&self) -> Res...
    |       ^^^^^ the trait is not dyn compatible because method `stats` is `async`
...
 88 | ...fn last_seq_no(&self) ...
    |       ^^^^^^^^^^^ the trait is not dyn compatible because method `last_seq_no` is `async`
...
 93 | ...fn pin_checkpoint(&sel...
    |       ^^^^^^^^^^^^^^ the trait is not dyn compatible because method `pin_checkpoint` is `async`
...
 98 | ...fn unpin_checkpoint(&s...
    |       ^^^^^^^^^^^^^^^^ the trait is not dyn compatible because method `unpin_checkpoint` is `async`
...
103 | ...fn scan_prefix(&self, ...
    |       ^^^^^^^^^^^ the trait is not dyn compatible because method `scan_prefix` is `async`
...
109 | ...fn scan(
    |       ^^^^ the trait is not dyn compatible because method `scan` is `async`

error[E0038]: the trait `memfuse_core::StorageEngine` is not dyn compatible
   --> crates/memfuse-text/src/inverted.rs:248:9
    |
248 | ...   s... &fw_key).aw...
    |       ^...^^^^^^^^^ `memfuse_core::StorageEngine` is not dyn compatible
    |
note: for a trait to be dyn compatible it needs to allow building a vtable
      for more information, visit <https://doc.rust-lang.org/reference/items/traits.html#dyn-compatibility>
   --> crates/memfuse-core/src/traits.rs:61:14
    |
 61 | ...fn get(&self, key: &[u...
    |       ^^^ the trait is not dyn compatible because method `get` is `async`
...
 64 | ...fn get_at_seq(&self, k...
    |       ^^^^^^^^^^ the trait is not dyn compatible because method `get_at_seq` is `async`
...
 70 | ...fn put(&self, tx_id: T...
    |       ^^^ the trait is not dyn compatible because method `put` is `async`
...
 73 | ...fn delete(&self, tx_id...
    |       ^^^^^^ the trait is not dyn compatible because method `delete` is `async`
...
 76 | ...fn commit(&self, tx_id...
    |       ^^^^^^ the trait is not dyn compatible because method `commit` is `async`
...
 79 | ...fn rollback(&self, tx_...
    |       ^^^^^^^^ the trait is not dyn compatible because method `rollback` is `async`
...
 82 | ...fn flush(&self) -> Res...
    |       ^^^^^ the trait is not dyn compatible because method `flush` is `async`
...
 85 | ...fn stats(&self) -> Res...
    |       ^^^^^ the trait is not dyn compatible because method `stats` is `async`
...
 88 | ...fn last_seq_no(&self) ...
    |       ^^^^^^^^^^^ the trait is not dyn compatible because method `last_seq_no` is `async`
...
 93 | ...fn pin_checkpoint(&sel...
    |       ^^^^^^^^^^^^^^ the trait is not dyn compatible because method `pin_checkpoint` is `async`
...
 98 | ...fn unpin_checkpoint(&s...
    |       ^^^^^^^^^^^^^^^^ the trait is not dyn compatible because method `unpin_checkpoint` is `async`
...
103 | ...fn scan_prefix(&self, ...
    |       ^^^^^^^^^^^ the trait is not dyn compatible because method `scan_prefix` is `async`
...
109 | ...fn scan(
    |       ^^^^ the trait is not dyn compatible because method `scan` is `async`

error[E0038]: the trait `memfuse_core::StorageEngine` is not dyn compatible
   --> crates/memfuse-text/src/inverted.rs:252:30
    |
252 | ... = self.storage.get(&total_tok_key).aw...
    |       ^^^^^^^^^^^^^^^^^^^^^^...re::StorageEngine` is not dyn compatible
    |
note: for a trait to be dyn compatible it needs to allow building a vtable
      for more information, visit <https://doc.rust-lang.org/reference/items/traits.html#dyn-compatibility>
   --> crates/memfuse-core/src/traits.rs:61:14
    |
 61 | ...fn get(&self, key: &[u...
    |       ^^^ the trait is not dyn compatible because method `get` is `async`
...
 64 | ...fn get_at_seq(&self, k...
    |       ^^^^^^^^^^ the trait is not dyn compatible because method `get_at_seq` is `async`
...
 70 | ...fn put(&self, tx_id: T...
    |       ^^^ the trait is not dyn compatible because method `put` is `async`
...
 73 | ...fn delete(&self, tx_id...
    |       ^^^^^^ the trait is not dyn compatible because method `delete` is `async`
...
 76 | ...fn commit(&self, tx_id...
    |       ^^^^^^ the trait is not dyn compatible because method `commit` is `async`
...
 79 | ...fn rollback(&self, tx_...
    |       ^^^^^^^^ the trait is not dyn compatible because method `rollback` is `async`
...
 82 | ...fn flush(&self) -> Res...
    |       ^^^^^ the trait is not dyn compatible because method `flush` is `async`
...
 85 | ...fn stats(&self) -> Res...
    |       ^^^^^ the trait is not dyn compatible because method `stats` is `async`
...
 88 | ...fn last_seq_no(&self) ...
    |       ^^^^^^^^^^^ the trait is not dyn compatible because method `last_seq_no` is `async`
...
 93 | ...fn pin_checkpoint(&sel...
    |       ^^^^^^^^^^^^^^ the trait is not dyn compatible because method `pin_checkpoint` is `async`
...
 98 | ...fn unpin_checkpoint(&s...
    |       ^^^^^^^^^^^^^^^^ the trait is not dyn compatible because method `unpin_checkpoint` is `async`
...
103 | ...fn scan_prefix(&self, ...
    |       ^^^^^^^^^^^ the trait is not dyn compatible because method `scan_prefix` is `async`
...
109 | ...fn scan(
    |       ^^^^ the trait is not dyn compatible because method `scan` is `async`

error[E0038]: the trait `memfuse_core::StorageEngine` is not dyn compatible
   --> crates/memfuse-text/src/inverted.rs:259:17
    |
259 | / ...   self.storage
260 | | ...       .put(tx, &total_tok_key, &total_tokens.to_le_bytes())
    | |_______________________________________________________________^ `memfuse_core::StorageEngine` is not dyn compatible
    |
note: for a trait to be dyn compatible it needs to allow building a vtable
      for more information, visit <https://doc.rust-lang.org/reference/items/traits.html#dyn-compatibility>
   --> crates/memfuse-core/src/traits.rs:61:14
    |
 61 | ...fn get(&self, key: &[u...
    |       ^^^ the trait is not dyn compatible because method `get` is `async`
...
 64 | ...fn get_at_seq(&self, k...
    |       ^^^^^^^^^^ the trait is not dyn compatible because method `get_at_seq` is `async`
...
 70 | ...fn put(&self, tx_id: T...
    |       ^^^ the trait is not dyn compatible because method `put` is `async`
...
 73 | ...fn delete(&self, tx_id...
    |       ^^^^^^ the trait is not dyn compatible because method `delete` is `async`
...
 76 | ...fn commit(&self, tx_id...
    |       ^^^^^^ the trait is not dyn compatible because method `commit` is `async`
...
 79 | ...fn rollback(&self, tx_...
    |       ^^^^^^^^ the trait is not dyn compatible because method `rollback` is `async`
...
 82 | ...fn flush(&self) -> Res...
    |       ^^^^^ the trait is not dyn compatible because method `flush` is `async`
...
 85 | ...fn stats(&self) -> Res...
    |       ^^^^^ the trait is not dyn compatible because method `stats` is `async`
...
 88 | ...fn last_seq_no(&self) ...
    |       ^^^^^^^^^^^ the trait is not dyn compatible because method `last_seq_no` is `async`
...
 93 | ...fn pin_checkpoint(&sel...
    |       ^^^^^^^^^^^^^^ the trait is not dyn compatible because method `pin_checkpoint` is `async`
...
 98 | ...fn unpin_checkpoint(&s...
    |       ^^^^^^^^^^^^^^^^ the trait is not dyn compatible because method `unpin_checkpoint` is `async`
...
103 | ...fn scan_prefix(&self, ...
    |       ^^^^^^^^^^^ the trait is not dyn compatible because method `scan_prefix` is `async`
...
109 | ...fn scan(
    |       ^^^^ the trait is not dyn compatible because method `scan` is `async`

error[E0038]: the trait `memfuse_core::StorageEngine` is not dyn compatible
   --> crates/memfuse-text/src/inverted.rs:266:30
    |
266 | ... = self.storage.get(&total_docs_key).aw...
    |       ^^^^^^^^^^^^^^^^^^^^^^...re::StorageEngine` is not dyn compatible
    |
note: for a trait to be dyn compatible it needs to allow building a vtable
      for more information, visit <https://doc.rust-lang.org/reference/items/traits.html#dyn-compatibility>
   --> crates/memfuse-core/src/traits.rs:61:14
    |
 61 | ...fn get(&self, key: &[u...
    |       ^^^ the trait is not dyn compatible because method `get` is `async`
...
 64 | ...fn get_at_seq(&self, k...
    |       ^^^^^^^^^^ the trait is not dyn compatible because method `get_at_seq` is `async`
...
 70 | ...fn put(&self, tx_id: T...
    |       ^^^ the trait is not dyn compatible because method `put` is `async`
...
 73 | ...fn delete(&self, tx_id...
    |       ^^^^^^ the trait is not dyn compatible because method `delete` is `async`
...
 76 | ...fn commit(&self, tx_id...
    |       ^^^^^^ the trait is not dyn compatible because method `commit` is `async`
...
 79 | ...fn rollback(&self, tx_...
    |       ^^^^^^^^ the trait is not dyn compatible because method `rollback` is `async`
...
 82 | ...fn flush(&self) -> Res...
    |       ^^^^^ the trait is not dyn compatible because method `flush` is `async`
...
 85 | ...fn stats(&self) -> Res...
    |       ^^^^^ the trait is not dyn compatible because method `stats` is `async`
...
 88 | ...fn last_seq_no(&self) ...
    |       ^^^^^^^^^^^ the trait is not dyn compatible because method `last_seq_no` is `async`
...
 93 | ...fn pin_checkpoint(&sel...
    |       ^^^^^^^^^^^^^^ the trait is not dyn compatible because method `pin_checkpoint` is `async`
...
 98 | ...fn unpin_checkpoint(&s...
    |       ^^^^^^^^^^^^^^^^ the trait is not dyn compatible because method `unpin_checkpoint` is `async`
...
103 | ...fn scan_prefix(&self, ...
    |       ^^^^^^^^^^^ the trait is not dyn compatible because method `scan_prefix` is `async`
...
109 | ...fn scan(
    |       ^^^^ the trait is not dyn compatible because method `scan` is `async`

error[E0038]: the trait `memfuse_core::StorageEngine` is not dyn compatible
   --> crates/memfuse-text/src/inverted.rs:275:17
    |
275 | / ...   self.storage
276 | | ...       .put(tx, &total_docs_key, &total_docs.to_le_bytes())
    | |______________________________________________________________^ `memfuse_core::StorageEngine` is not dyn compatible
    |
note: for a trait to be dyn compatible it needs to allow building a vtable
      for more information, visit <https://doc.rust-lang.org/reference/items/traits.html#dyn-compatibility>
   --> crates/memfuse-core/src/traits.rs:61:14
    |
 61 | ...fn get(&self, key: &[u...
    |       ^^^ the trait is not dyn compatible because method `get` is `async`
...
 64 | ...fn get_at_seq(&self, k...
    |       ^^^^^^^^^^ the trait is not dyn compatible because method `get_at_seq` is `async`
...
 70 | ...fn put(&self, tx_id: T...
    |       ^^^ the trait is not dyn compatible because method `put` is `async`
...
 73 | ...fn delete(&self, tx_id...
    |       ^^^^^^ the trait is not dyn compatible because method `delete` is `async`
...
 76 | ...fn commit(&self, tx_id...
    |       ^^^^^^ the trait is not dyn compatible because method `commit` is `async`
...
 79 | ...fn rollback(&self, tx_...
    |       ^^^^^^^^ the trait is not dyn compatible because method `rollback` is `async`
...
 82 | ...fn flush(&self) -> Res...
    |       ^^^^^ the trait is not dyn compatible because method `flush` is `async`
...
 85 | ...fn stats(&self) -> Res...
    |       ^^^^^ the trait is not dyn compatible because method `stats` is `async`
...
 88 | ...fn last_seq_no(&self) ...
    |       ^^^^^^^^^^^ the trait is not dyn compatible because method `last_seq_no` is `async`
...
 93 | ...fn pin_checkpoint(&sel...
    |       ^^^^^^^^^^^^^^ the trait is not dyn compatible because method `pin_checkpoint` is `async`
...
 98 | ...fn unpin_checkpoint(&s...
    |       ^^^^^^^^^^^^^^^^ the trait is not dyn compatible because method `unpin_checkpoint` is `async`
...
103 | ...fn scan_prefix(&self, ...
    |       ^^^^^^^^^^^ the trait is not dyn compatible because method `scan_prefix` is `async`
...
109 | ...fn scan(
    |       ^^^^ the trait is not dyn compatible because method `scan` is `async`

error[E0038]: the trait `memfuse_core::StorageEngine` is not dyn compatible
   --> crates/memfuse-text/src/inverted.rs:294:30
    |
294 | ... = self.storage.get(&total_docs_key).aw...
    |       ^^^^^^^^^^^^^^^^^^^^^^...re::StorageEngine` is not dyn compatible
    |
note: for a trait to be dyn compatible it needs to allow building a vtable
      for more information, visit <https://doc.rust-lang.org/reference/items/traits.html#dyn-compatibility>
   --> crates/memfuse-core/src/traits.rs:61:14
    |
 61 | ...fn get(&self, key: &[u...
    |       ^^^ the trait is not dyn compatible because method `get` is `async`
...
 64 | ...fn get_at_seq(&self, k...
    |       ^^^^^^^^^^ the trait is not dyn compatible because method `get_at_seq` is `async`
...
 70 | ...fn put(&self, tx_id: T...
    |       ^^^ the trait is not dyn compatible because method `put` is `async`
...
 73 | ...fn delete(&self, tx_id...
    |       ^^^^^^ the trait is not dyn compatible because method `delete` is `async`
...
 76 | ...fn commit(&self, tx_id...
    |       ^^^^^^ the trait is not dyn compatible because method `commit` is `async`
...
 79 | ...fn rollback(&self, tx_...
    |       ^^^^^^^^ the trait is not dyn compatible because method `rollback` is `async`
...
 82 | ...fn flush(&self) -> Res...
    |       ^^^^^ the trait is not dyn compatible because method `flush` is `async`
...
 85 | ...fn stats(&self) -> Res...
    |       ^^^^^ the trait is not dyn compatible because method `stats` is `async`
...
 88 | ...fn last_seq_no(&self) ...
    |       ^^^^^^^^^^^ the trait is not dyn compatible because method `last_seq_no` is `async`
...
 93 | ...fn pin_checkpoint(&sel...
    |       ^^^^^^^^^^^^^^ the trait is not dyn compatible because method `pin_checkpoint` is `async`
...
 98 | ...fn unpin_checkpoint(&s...
    |       ^^^^^^^^^^^^^^^^ the trait is not dyn compatible because method `unpin_checkpoint` is `async`
...
103 | ...fn scan_prefix(&self, ...
    |       ^^^^^^^^^^^ the trait is not dyn compatible because method `scan_prefix` is `async`
...
109 | ...fn scan(
    |       ^^^^ the trait is not dyn compatible because method `scan` is `async`

error[E0038]: the trait `memfuse_core::StorageEngine` is not dyn compatible
   --> crates/memfuse-text/src/inverted.rs:307:30
    |
307 | ... = self.storage.get(&total_tok_key).aw...
    |       ^^^^^^^^^^^^^^^^^^^^^^...re::StorageEngine` is not dyn compatible
    |
note: for a trait to be dyn compatible it needs to allow building a vtable
      for more information, visit <https://doc.rust-lang.org/reference/items/traits.html#dyn-compatibility>
   --> crates/memfuse-core/src/traits.rs:61:14
    |
 61 | ...fn get(&self, key: &[u...
    |       ^^^ the trait is not dyn compatible because method `get` is `async`
...
 64 | ...fn get_at_seq(&self, k...
    |       ^^^^^^^^^^ the trait is not dyn compatible because method `get_at_seq` is `async`
...
 70 | ...fn put(&self, tx_id: T...
    |       ^^^ the trait is not dyn compatible because method `put` is `async`
...
 73 | ...fn delete(&self, tx_id...
    |       ^^^^^^ the trait is not dyn compatible because method `delete` is `async`
...
 76 | ...fn commit(&self, tx_id...
    |       ^^^^^^ the trait is not dyn compatible because method `commit` is `async`
...
 79 | ...fn rollback(&self, tx_...
    |       ^^^^^^^^ the trait is not dyn compatible because method `rollback` is `async`
...
 82 | ...fn flush(&self) -> Res...
    |       ^^^^^ the trait is not dyn compatible because method `flush` is `async`
...
 85 | ...fn stats(&self) -> Res...
    |       ^^^^^ the trait is not dyn compatible because method `stats` is `async`
...
 88 | ...fn last_seq_no(&self) ...
    |       ^^^^^^^^^^^ the trait is not dyn compatible because method `last_seq_no` is `async`
...
 93 | ...fn pin_checkpoint(&sel...
    |       ^^^^^^^^^^^^^^ the trait is not dyn compatible because method `pin_checkpoint` is `async`
...
 98 | ...fn unpin_checkpoint(&s...
    |       ^^^^^^^^^^^^^^^^ the trait is not dyn compatible because method `unpin_checkpoint` is `async`
...
103 | ...fn scan_prefix(&self, ...
    |       ^^^^^^^^^^^ the trait is not dyn compatible because method `scan_prefix` is `async`
...
109 | ...fn scan(
    |       ^^^^ the trait is not dyn compatible because method `scan` is `async`

error[E0038]: the trait `memfuse_core::StorageEngine` is not dyn compatible
   --> crates/memfuse-text/src/inverted.rs:327:34
    |
327 | ... = self.storage.get(&pl_key).aw...
    |       ^^^^^^^^^^^^^^^^^^^^^^^^^ `memfuse_core::StorageEngine` is not dyn compatible
    |
note: for a trait to be dyn compatible it needs to allow building a vtable
      for more information, visit <https://doc.rust-lang.org/reference/items/traits.html#dyn-compatibility>
   --> crates/memfuse-core/src/traits.rs:61:14
    |
 61 | ...fn get(&self, key: &[u...
    |       ^^^ the trait is not dyn compatible because method `get` is `async`
...
 64 | ...fn get_at_seq(&self, k...
    |       ^^^^^^^^^^ the trait is not dyn compatible because method `get_at_seq` is `async`
...
 70 | ...fn put(&self, tx_id: T...
    |       ^^^ the trait is not dyn compatible because method `put` is `async`
...
 73 | ...fn delete(&self, tx_id...
    |       ^^^^^^ the trait is not dyn compatible because method `delete` is `async`
...
 76 | ...fn commit(&self, tx_id...
    |       ^^^^^^ the trait is not dyn compatible because method `commit` is `async`
...
 79 | ...fn rollback(&self, tx_...
    |       ^^^^^^^^ the trait is not dyn compatible because method `rollback` is `async`
...
 82 | ...fn flush(&self) -> Res...
    |       ^^^^^ the trait is not dyn compatible because method `flush` is `async`
...
 85 | ...fn stats(&self) -> Res...
    |       ^^^^^ the trait is not dyn compatible because method `stats` is `async`
...
 88 | ...fn last_seq_no(&self) ...
    |       ^^^^^^^^^^^ the trait is not dyn compatible because method `last_seq_no` is `async`
...
 93 | ...fn pin_checkpoint(&sel...
    |       ^^^^^^^^^^^^^^ the trait is not dyn compatible because method `pin_checkpoint` is `async`
...
 98 | ...fn unpin_checkpoint(&s...
    |       ^^^^^^^^^^^^^^^^ the trait is not dyn compatible because method `unpin_checkpoint` is `async`
...
103 | ...fn scan_prefix(&self, ...
    |       ^^^^^^^^^^^ the trait is not dyn compatible because method `scan_prefix` is `async`
...
109 | ...fn scan(
    |       ^^^^ the trait is not dyn compatible because method `scan` is `async`

error[E0277]: the size for values of type `[u8]` cannot be known at compilation time
   --> crates/memfuse-text/src/inverted.rs:327:25
    |
327 | ...me(bytes) =...
    |       ^^^^^ doesn't have a size known at compile-time
    |
    = help: the trait `std::marker::Sized` is not implemented for `[u8]`
    = note: all local variables must have a statically known size

error[E0277]: the size for values of type `[u8]` cannot be known at compilation time
   --> crates/memfuse-text/src/inverted.rs:327:20
    |
327 | ...et Some(bytes) = ...
    |       ^^^^^^^^^^^ doesn't have a size known at compile-time
    |
    = help: the trait `std::marker::Sized` is not implemented for `[u8]`
note: required by a bound in `std::prelude::v1::Some`
   --> /home/freddy/.rustup/toolchains/nightly-x86_64-unknown-linux-gnu/lib/rustlib/src/rust/library/core/src/option.rs:600:17
    |
600 | pub enum Option<T> {
    |                 ^ required by this bound in `std::prelude::v1::Some`
...
608 |     Some(#[stable(fe...
    |     ---- required by a bound in this tuple variant

error[E0277]: the size for values of type `[u8]` cannot be known at compilation time
   --> crates/memfuse-text/src/inverted.rs:327:34
    |
327 | ... = self.storage.get(&pl_key).await? {
    |       ^^^^^^^^^^^^^^^^^^^^^^^^^^...size known at compile-time
    |
    = help: the trait `std::marker::Sized` is not implemented for `[u8]`
note: required by an implicit `Sized` bound in `std::option::Option`
   --> /home/freddy/.rustup/toolchains/nightly-x86_64-unknown-linux-gnu/lib/rustlib/src/rust/library/core/src/option.rs:600:17
    |
600 | ...on<T> {
    |       ^ required by the implicit `Sized` requirement on this type parameter in `Option`

error[E0038]: the trait `memfuse_core::StorageEngine` is not dyn compatible
   --> crates/memfuse-text/src/inverted.rs:338:53
    |
338 | ... = self.storage.get(&dl_key).aw...
    |       ^^^^^^^^^^^^^^^^^^^^^^^^^ `memfuse_core::StorageEngine` is not dyn compatible
    |
note: for a trait to be dyn compatible it needs to allow building a vtable
      for more information, visit <https://doc.rust-lang.org/reference/items/traits.html#dyn-compatibility>
   --> crates/memfuse-core/src/traits.rs:61:14
    |
 61 | ...fn get(&self, key: &[u...
    |       ^^^ the trait is not dyn compatible because method `get` is `async`
...
 64 | ...fn get_at_seq(&self, k...
    |       ^^^^^^^^^^ the trait is not dyn compatible because method `get_at_seq` is `async`
...
 70 | ...fn put(&self, tx_id: T...
    |       ^^^ the trait is not dyn compatible because method `put` is `async`
...
 73 | ...fn delete(&self, tx_id...
    |       ^^^^^^ the trait is not dyn compatible because method `delete` is `async`
...
 76 | ...fn commit(&self, tx_id...
    |       ^^^^^^ the trait is not dyn compatible because method `commit` is `async`
...
 79 | ...fn rollback(&self, tx_...
    |       ^^^^^^^^ the trait is not dyn compatible because method `rollback` is `async`
...
 82 | ...fn flush(&self) -> Res...
    |       ^^^^^ the trait is not dyn compatible because method `flush` is `async`
...
 85 | ...fn stats(&self) -> Res...
    |       ^^^^^ the trait is not dyn compatible because method `stats` is `async`
...
 88 | ...fn last_seq_no(&self) ...
    |       ^^^^^^^^^^^ the trait is not dyn compatible because method `last_seq_no` is `async`
...
 93 | ...fn pin_checkpoint(&sel...
    |       ^^^^^^^^^^^^^^ the trait is not dyn compatible because method `pin_checkpoint` is `async`
...
 98 | ...fn unpin_checkpoint(&s...
    |       ^^^^^^^^^^^^^^^^ the trait is not dyn compatible because method `unpin_checkpoint` is `async`
...
103 | ...fn scan_prefix(&self, ...
    |       ^^^^^^^^^^^ the trait is not dyn compatible because method `scan_prefix` is `async`
...
109 | ...fn scan(
    |       ^^^^ the trait is not dyn compatible because method `scan` is `async`

error[E0038]: the trait `memfuse_core::StorageEngine` is not dyn compatible
   --> crates/memfuse-text/src/inverted.rs:24:5
    |
 21 | #[derive(Clone)]
    |          ----- in this derive macro expansion
...
 24 |    ...rageEngine>,
    |    ...^^^^^^^^^^^ `memfuse_core::StorageEngine` is not dyn compatible
    |
note: for a trait to be dyn compatible it needs to allow building a vtable
      for more information, visit <https://doc.rust-lang.org/reference/items/traits.html#dyn-compatibility>
   --> crates/memfuse-core/src/traits.rs:61:14
    |
 61 | ...fn get(&self, key: &[u...
    |       ^^^ the trait is not dyn compatible because method `get` is `async`
...
 64 | ...fn get_at_seq(&self, k...
    |       ^^^^^^^^^^ the trait is not dyn compatible because method `get_at_seq` is `async`
...
 70 | ...fn put(&self, tx_id: T...
    |       ^^^ the trait is not dyn compatible because method `put` is `async`
...
 73 | ...fn delete(&self, tx_id...
    |       ^^^^^^ the trait is not dyn compatible because method `delete` is `async`
...
 76 | ...fn commit(&self, tx_id...
    |       ^^^^^^ the trait is not dyn compatible because method `commit` is `async`
...
 79 | ...fn rollback(&self, tx_...
    |       ^^^^^^^^ the trait is not dyn compatible because method `rollback` is `async`
...
 82 | ...fn flush(&self) -> Res...
    |       ^^^^^ the trait is not dyn compatible because method `flush` is `async`
...
 85 | ...fn stats(&self) -> Res...
    |       ^^^^^ the trait is not dyn compatible because method `stats` is `async`
...
 88 | ...fn last_seq_no(&self) ...
    |       ^^^^^^^^^^^ the trait is not dyn compatible because method `last_seq_no` is `async`
...
 93 | ...fn pin_checkpoint(&sel...
    |       ^^^^^^^^^^^^^^ the trait is not dyn compatible because method `pin_checkpoint` is `async`
...
 98 | ...fn unpin_checkpoint(&s...
    |       ^^^^^^^^^^^^^^^^ the trait is not dyn compatible because method `unpin_checkpoint` is `async`
...
103 | ...fn scan_prefix(&self, ...
    |       ^^^^^^^^^^^ the trait is not dyn compatible because method `scan_prefix` is `async`
...
109 | ...fn scan(
    |       ^^^^ the trait is not dyn compatible because method `scan` is `async`

error[E0038]: the trait `memfuse_core::StorageEngine` is not dyn compatible
   --> crates/memfuse-text/src/inverted.rs:45:13
    |
 45 | ...   storage,
    |       ^^^^^^^ `memfuse_core::StorageEngine` is not dyn compatible
    |
note: for a trait to be dyn compatible it needs to allow building a vtable
      for more information, visit <https://doc.rust-lang.org/reference/items/traits.html#dyn-compatibility>
   --> crates/memfuse-core/src/traits.rs:61:14
    |
 61 | ...fn get(&self, key: &[u...
    |       ^^^ the trait is not dyn compatible because method `get` is `async`
...
 64 | ...fn get_at_seq(&self, k...
    |       ^^^^^^^^^^ the trait is not dyn compatible because method `get_at_seq` is `async`
...
 70 | ...fn put(&self, tx_id: T...
    |       ^^^ the trait is not dyn compatible because method `put` is `async`
...
 73 | ...fn delete(&self, tx_id...
    |       ^^^^^^ the trait is not dyn compatible because method `delete` is `async`
...
 76 | ...fn commit(&self, tx_id...
    |       ^^^^^^ the trait is not dyn compatible because method `commit` is `async`
...
 79 | ...fn rollback(&self, tx_...
    |       ^^^^^^^^ the trait is not dyn compatible because method `rollback` is `async`
...
 82 | ...fn flush(&self) -> Res...
    |       ^^^^^ the trait is not dyn compatible because method `flush` is `async`
...
 85 | ...fn stats(&self) -> Res...
    |       ^^^^^ the trait is not dyn compatible because method `stats` is `async`
...
 88 | ...fn last_seq_no(&self) ...
    |       ^^^^^^^^^^^ the trait is not dyn compatible because method `last_seq_no` is `async`
...
 93 | ...fn pin_checkpoint(&sel...
    |       ^^^^^^^^^^^^^^ the trait is not dyn compatible because method `pin_checkpoint` is `async`
...
 98 | ...fn unpin_checkpoint(&s...
    |       ^^^^^^^^^^^^^^^^ the trait is not dyn compatible because method `unpin_checkpoint` is `async`
...
103 | ...fn scan_prefix(&self, ...
    |       ^^^^^^^^^^^ the trait is not dyn compatible because method `scan_prefix` is `async`
...
109 | ...fn scan(
    |       ^^^^ the trait is not dyn compatible because method `scan` is `async`

error[E0038]: the trait `memfuse_core::StorageEngine` is not dyn compatible
   --> crates/memfuse-text/src/inverted.rs:393:9
    |
393 | ...   self.storage.commit(tx).await
    |       ^^^^^^^^^^^^^^^^^^^^^^^ `memfuse_core::StorageEngine` is not dyn compatible
    |
note: for a trait to be dyn compatible it needs to allow building a vtable
      for more information, visit <https://doc.rust-lang.org/reference/items/traits.html#dyn-compatibility>
   --> crates/memfuse-core/src/traits.rs:61:14
    |
 61 | ...fn get(&self, key: &[u...
    |       ^^^ the trait is not dyn compatible because method `get` is `async`
...
 64 | ...fn get_at_seq(&self, k...
    |       ^^^^^^^^^^ the trait is not dyn compatible because method `get_at_seq` is `async`
...
 70 | ...fn put(&self, tx_id: T...
    |       ^^^ the trait is not dyn compatible because method `put` is `async`
...
 73 | ...fn delete(&self, tx_id...
    |       ^^^^^^ the trait is not dyn compatible because method `delete` is `async`
...
 76 | ...fn commit(&self, tx_id...
    |       ^^^^^^ the trait is not dyn compatible because method `commit` is `async`
...
 79 | ...fn rollback(&self, tx_...
    |       ^^^^^^^^ the trait is not dyn compatible because method `rollback` is `async`
...
 82 | ...fn flush(&self) -> Res...
    |       ^^^^^ the trait is not dyn compatible because method `flush` is `async`
...
 85 | ...fn stats(&self) -> Res...
    |       ^^^^^ the trait is not dyn compatible because method `stats` is `async`
...
 88 | ...fn last_seq_no(&self) ...
    |       ^^^^^^^^^^^ the trait is not dyn compatible because method `last_seq_no` is `async`
...
 93 | ...fn pin_checkpoint(&sel...
    |       ^^^^^^^^^^^^^^ the trait is not dyn compatible because method `pin_checkpoint` is `async`
...
 98 | ...fn unpin_checkpoint(&s...
    |       ^^^^^^^^^^^^^^^^ the trait is not dyn compatible because method `unpin_checkpoint` is `async`
...
103 | ...fn scan_prefix(&self, ...
    |       ^^^^^^^^^^^ the trait is not dyn compatible because method `scan_prefix` is `async`
...
109 | ...fn scan(
    |       ^^^^ the trait is not dyn compatible because method `scan` is `async`

error[E0038]: the trait `memfuse_core::StorageEngine` is not dyn compatible
   --> crates/memfuse-text/src/inverted.rs:397:9
    |
397 | ...   self.storage.rollback(tx).await
    |       ^^^^^^^^^^^^^^^^^^^^^^^^^ `memfuse_core::StorageEngine` is not dyn compatible
    |
note: for a trait to be dyn compatible it needs to allow building a vtable
      for more information, visit <https://doc.rust-lang.org/reference/items/traits.html#dyn-compatibility>
   --> crates/memfuse-core/src/traits.rs:61:14
    |
 61 | ...fn get(&self, key: &[u...
    |       ^^^ the trait is not dyn compatible because method `get` is `async`
...
 64 | ...fn get_at_seq(&self, k...
    |       ^^^^^^^^^^ the trait is not dyn compatible because method `get_at_seq` is `async`
...
 70 | ...fn put(&self, tx_id: T...
    |       ^^^ the trait is not dyn compatible because method `put` is `async`
...
 73 | ...fn delete(&self, tx_id...
    |       ^^^^^^ the trait is not dyn compatible because method `delete` is `async`
...
 76 | ...fn commit(&self, tx_id...
    |       ^^^^^^ the trait is not dyn compatible because method `commit` is `async`
...
 79 | ...fn rollback(&self, tx_...
    |       ^^^^^^^^ the trait is not dyn compatible because method `rollback` is `async`
...
 82 | ...fn flush(&self) -> Res...
    |       ^^^^^ the trait is not dyn compatible because method `flush` is `async`
...
 85 | ...fn stats(&self) -> Res...
    |       ^^^^^ the trait is not dyn compatible because method `stats` is `async`
...
 88 | ...fn last_seq_no(&self) ...
    |       ^^^^^^^^^^^ the trait is not dyn compatible because method `last_seq_no` is `async`
...
 93 | ...fn pin_checkpoint(&sel...
    |       ^^^^^^^^^^^^^^ the trait is not dyn compatible because method `pin_checkpoint` is `async`
...
 98 | ...fn unpin_checkpoint(&s...
    |       ^^^^^^^^^^^^^^^^ the trait is not dyn compatible because method `unpin_checkpoint` is `async`
...
103 | ...fn scan_prefix(&self, ...
    |       ^^^^^^^^^^^ the trait is not dyn compatible because method `scan_prefix` is `async`
...
109 | ...fn scan(
    |       ^^^^ the trait is not dyn compatible because method `scan` is `async`

error[E0038]: the trait `memfuse_core::StorageEngine` is not dyn compatible
   --> crates/memfuse-text/src/inverted.rs:403:30
    |
403 | ... = self.storage.get(&total_docs_key).aw...
    |       ^^^^^^^^^^^^^^^^^^^^^^...re::StorageEngine` is not dyn compatible
    |
note: for a trait to be dyn compatible it needs to allow building a vtable
      for more information, visit <https://doc.rust-lang.org/reference/items/traits.html#dyn-compatibility>
   --> crates/memfuse-core/src/traits.rs:61:14
    |
 61 | ...fn get(&self, key: &[u...
    |       ^^^ the trait is not dyn compatible because method `get` is `async`
...
 64 | ...fn get_at_seq(&self, k...
    |       ^^^^^^^^^^ the trait is not dyn compatible because method `get_at_seq` is `async`
...
 70 | ...fn put(&self, tx_id: T...
    |       ^^^ the trait is not dyn compatible because method `put` is `async`
...
 73 | ...fn delete(&self, tx_id...
    |       ^^^^^^ the trait is not dyn compatible because method `delete` is `async`
...
 76 | ...fn commit(&self, tx_id...
    |       ^^^^^^ the trait is not dyn compatible because method `commit` is `async`
...
 79 | ...fn rollback(&self, tx_...
    |       ^^^^^^^^ the trait is not dyn compatible because method `rollback` is `async`
...
 82 | ...fn flush(&self) -> Res...
    |       ^^^^^ the trait is not dyn compatible because method `flush` is `async`
...
 85 | ...fn stats(&self) -> Res...
    |       ^^^^^ the trait is not dyn compatible because method `stats` is `async`
...
 88 | ...fn last_seq_no(&self) ...
    |       ^^^^^^^^^^^ the trait is not dyn compatible because method `last_seq_no` is `async`
...
 93 | ...fn pin_checkpoint(&sel...
    |       ^^^^^^^^^^^^^^ the trait is not dyn compatible because method `pin_checkpoint` is `async`
...
 98 | ...fn unpin_checkpoint(&s...
    |       ^^^^^^^^^^^^^^^^ the trait is not dyn compatible because method `unpin_checkpoint` is `async`
...
103 | ...fn scan_prefix(&self, ...
    |       ^^^^^^^^^^^ the trait is not dyn compatible because method `scan_prefix` is `async`
...
109 | ...fn scan(
    |       ^^^^ the trait is not dyn compatible because method `scan` is `async`

error[E0038]: the trait `memfuse_core::StorageEngine` is not dyn compatible
   --> crates/memfuse-text/src/inverted.rs:416:30
    |
416 | ... = self.storage.get(&total_tok_key).aw...
    |       ^^^^^^^^^^^^^^^^^^^^^^...re::StorageEngine` is not dyn compatible
    |
note: for a trait to be dyn compatible it needs to allow building a vtable
      for more information, visit <https://doc.rust-lang.org/reference/items/traits.html#dyn-compatibility>
   --> crates/memfuse-core/src/traits.rs:61:14
    |
 61 | ...fn get(&self, key: &[u...
    |       ^^^ the trait is not dyn compatible because method `get` is `async`
...
 64 | ...fn get_at_seq(&self, k...
    |       ^^^^^^^^^^ the trait is not dyn compatible because method `get_at_seq` is `async`
...
 70 | ...fn put(&self, tx_id: T...
    |       ^^^ the trait is not dyn compatible because method `put` is `async`
...
 73 | ...fn delete(&self, tx_id...
    |       ^^^^^^ the trait is not dyn compatible because method `delete` is `async`
...
 76 | ...fn commit(&self, tx_id...
    |       ^^^^^^ the trait is not dyn compatible because method `commit` is `async`
...
 79 | ...fn rollback(&self, tx_...
    |       ^^^^^^^^ the trait is not dyn compatible because method `rollback` is `async`
...
 82 | ...fn flush(&self) -> Res...
    |       ^^^^^ the trait is not dyn compatible because method `flush` is `async`
...
 85 | ...fn stats(&self) -> Res...
    |       ^^^^^ the trait is not dyn compatible because method `stats` is `async`
...
 88 | ...fn last_seq_no(&self) ...
    |       ^^^^^^^^^^^ the trait is not dyn compatible because method `last_seq_no` is `async`
...
 93 | ...fn pin_checkpoint(&sel...
    |       ^^^^^^^^^^^^^^ the trait is not dyn compatible because method `pin_checkpoint` is `async`
...
 98 | ...fn unpin_checkpoint(&s...
    |       ^^^^^^^^^^^^^^^^ the trait is not dyn compatible because method `unpin_checkpoint` is `async`
...
103 | ...fn scan_prefix(&self, ...
    |       ^^^^^^^^^^^ the trait is not dyn compatible because method `scan_prefix` is `async`
...
109 | ...fn scan(
    |       ^^^^ the trait is not dyn compatible because method `scan` is `async`

error[E0038]: the trait `memfuse_core::StorageEngine` is not dyn compatible
   --> crates/memfuse-text/src/inverted.rs:448:39
    |
448 | ...ew(storage, n...
    |       ^^^^^^^ `memfuse_core::StorageEngine` is not dyn compatible
    |
note: for a trait to be dyn compatible it needs to allow building a vtable
      for more information, visit <https://doc.rust-lang.org/reference/items/traits.html#dyn-compatibility>
   --> crates/memfuse-core/src/traits.rs:61:14
    |
 61 | ...fn get(&self, key: &[u...
    |       ^^^ the trait is not dyn compatible because method `get` is `async`
...
 64 | ...fn get_at_seq(&self, k...
    |       ^^^^^^^^^^ the trait is not dyn compatible because method `get_at_seq` is `async`
...
 70 | ...fn put(&self, tx_id: T...
    |       ^^^ the trait is not dyn compatible because method `put` is `async`
...
 73 | ...fn delete(&self, tx_id...
    |       ^^^^^^ the trait is not dyn compatible because method `delete` is `async`
...
 76 | ...fn commit(&self, tx_id...
    |       ^^^^^^ the trait is not dyn compatible because method `commit` is `async`
...
 79 | ...fn rollback(&self, tx_...
    |       ^^^^^^^^ the trait is not dyn compatible because method `rollback` is `async`
...
 82 | ...fn flush(&self) -> Res...
    |       ^^^^^ the trait is not dyn compatible because method `flush` is `async`
...
 85 | ...fn stats(&self) -> Res...
    |       ^^^^^ the trait is not dyn compatible because method `stats` is `async`
...
 88 | ...fn last_seq_no(&self) ...
    |       ^^^^^^^^^^^ the trait is not dyn compatible because method `last_seq_no` is `async`
...
 93 | ...fn pin_checkpoint(&sel...
    |       ^^^^^^^^^^^^^^ the trait is not dyn compatible because method `pin_checkpoint` is `async`
...
 98 | ...fn unpin_checkpoint(&s...
    |       ^^^^^^^^^^^^^^^^ the trait is not dyn compatible because method `unpin_checkpoint` is `async`
...
103 | ...fn scan_prefix(&self, ...
    |       ^^^^^^^^^^^ the trait is not dyn compatible because method `scan_prefix` is `async`
...
109 | ...fn scan(
    |       ^^^^ the trait is not dyn compatible because method `scan` is `async`

error[E0038]: the trait `memfuse_core::StorageEngine` is not dyn compatible
   --> crates/memfuse-text/src/lib.rs:27:39
    |
 27 | ...ew(storage, n...
    |       ^^^^^^^ `memfuse_core::StorageEngine` is not dyn compatible
    |
note: for a trait to be dyn compatible it needs to allow building a vtable
      for more information, visit <https://doc.rust-lang.org/reference/items/traits.html#dyn-compatibility>
   --> crates/memfuse-core/src/traits.rs:61:14
    |
 61 | ...fn get(&self, key: &[u...
    |       ^^^ the trait is not dyn compatible because method `get` is `async`
...
 64 | ...fn get_at_seq(&self, k...
    |       ^^^^^^^^^^ the trait is not dyn compatible because method `get_at_seq` is `async`
...
 70 | ...fn put(&self, tx_id: T...
    |       ^^^ the trait is not dyn compatible because method `put` is `async`
...
 73 | ...fn delete(&self, tx_id...
    |       ^^^^^^ the trait is not dyn compatible because method `delete` is `async`
...
 76 | ...fn commit(&self, tx_id...
    |       ^^^^^^ the trait is not dyn compatible because method `commit` is `async`
...
 79 | ...fn rollback(&self, tx_...
    |       ^^^^^^^^ the trait is not dyn compatible because method `rollback` is `async`
...
 82 | ...fn flush(&self) -> Res...
    |       ^^^^^ the trait is not dyn compatible because method `flush` is `async`
...
 85 | ...fn stats(&self) -> Res...
    |       ^^^^^ the trait is not dyn compatible because method `stats` is `async`
...
 88 | ...fn last_seq_no(&self) ...
    |       ^^^^^^^^^^^ the trait is not dyn compatible because method `last_seq_no` is `async`
...
 93 | ...fn pin_checkpoint(&sel...
    |       ^^^^^^^^^^^^^^ the trait is not dyn compatible because method `pin_checkpoint` is `async`
...
 98 | ...fn unpin_checkpoint(&s...
    |       ^^^^^^^^^^^^^^^^ the trait is not dyn compatible because method `unpin_checkpoint` is `async`
...
103 | ...fn scan_prefix(&self, ...
    |       ^^^^^^^^^^^ the trait is not dyn compatible because method `scan_prefix` is `async`
...
109 | ...fn scan(
    |       ^^^^ the trait is not dyn compatible because method `scan` is `async`

Some errors have detailed explanations: E0038, E0195, E0277.
error: could not compile `memfuse-text` (lib) due to 70 previous errors
